protein,start ligand,target ligand,name,num,bfactor,normalized bfactor,prev prev bfactor,prev bfactor,next bfactor,next next bfactor,mol weight,general number of rotamers,general avg rmsd of rotamers,specific number of rotamers,specific avg rmsd of rotamers,solvent accessibility,secondary structure,ligand similarity,ligand similarity ratio,ligand size difference,ligand size ratio,complete rmsd,backbone rmsd,sidechain rmsd
GLUT1,5EQG,5EQH,PHE ,26,66.96450000000002,-1.5132964097148118,1.1522400303062492,1.1476929068023685,0.3455570432984727,1.4055976851125536,147.17818,20,3.20878291869,5,1.46462639265,0.8195312968820108,1,29,0.935483870968,-1,0.96875,0.493758387712,0.215548622499,0.493758387712
GLUT1,5EQG,5EQH,THR ,30,76.75071428571428,-1.1009038126962523,1.1522400303062492,1.1476929068023685,0.3455570432984727,1.4055976851125536,101.10589,6,1.68199575471,6,1.68199575471,1.6489924752781029,1,29,0.935483870968,-1,0.96875,0.141092543635,0.0819573575099,0.141092543635
GLUT1,5EQG,5EQH,SER ,80,73.93545454545455,-1.2195392974375072,1.1522400303062492,1.1476929068023685,0.3455570432984727,1.4055976851125536,87.0788,7,1.01552157447,7,1.01552157447,7.560832944783808,1,29,0.935483870968,-1,0.96875,0.202911072898,0.193308908512,0.202911072898
GLUT1,5EQG,5EQH,VAL ,83,96.51187500000002,-0.268165416709797,1.1522400303062492,1.1476929068023685,0.3455570432984727,1.4055976851125536,99.13358000000001,5,1.97309059831,5,1.97309059831,29.00468080325671,1,29,0.935483870968,-1,0.96875,0.203402610117,0.135427817792,0.203402610117
GLUT1,5EQG,5EQH,GLY ,134,67.25285714285715,-1.5011449947202211,1.1522400303062492,1.1476929068023685,0.3455570432984727,1.4055976851125536,57.052310000000006,0,0,0,0,0.0,1,29,0.935483870968,-1,0.96875,0.204988163361,0.18663637302,0.204988163361
GLUT1,5EQG,5EQH,THR ,137,89.69285714285715,-0.5555198932337937,1.1522400303062492,1.1476929068023685,0.3455570432984727,1.4055976851125536,101.10589,6,1.4707238468,6,1.4707238468,0.07742493637441566,1,29,0.935483870968,-1,0.96875,2.26937119026,0.2782235307,2.26937119026
GLUT1,5EQG,5EQH,GLY ,138,74.53428571428572,-1.1943044585427118,1.1522400303062492,1.1476929068023685,0.3455570432984727,1.4055976851125536,57.052310000000006,0,0,0,0,6.17706109787369,1,29,0.935483870968,-1,0.96875,0.271935341295,0.185970706516,0.271935341295
GLUT1,5EQG,5EQH,PRO ,141,93.45785714285716,-0.39686220575177883,1.1522400303062492,1.1476929068023685,0.3455570432984727,1.4055976851125536,97.11764000000001,0,0,0,0,35.57807947137947,1,29,0.935483870968,-1,0.96875,0.224601579192,0.172562941821,0.224601579192
GLUT1,5EQG,5EQH,HIS ,160,91.268125,-0.4891378599325899,1.1522400303062492,1.1476929068023685,0.3455570432984727,1.4055976851125536,137.14219,25,2.68659560863,7,1.44883785065,1.8794340854289364,1,29,0.935483870968,-1,0.96875,1.04664786266,0.277408267061,1.04664786266
GLUT1,5EQG,5EQH,GLN ,161,96.65,-0.2623448076570875,1.1522400303062492,1.1476929068023685,0.3455570432984727,1.4055976851125536,128.13171,32,2.53883461026,25,2.60710196881,40.767229731843784,1,29,0.935483870968,-1,0.96875,0.601108252815,0.355449591134,0.601108252815
GLUT1,5EQG,5EQH,ILE ,164,86.82315789473682,-0.6764494673309108,1.1522400303062492,1.1476929068023685,0.3455570432984727,1.4055976851125536,113.16067000000001,13,1.80351761289,13,1.80351761289,2.6511645948002918,1,29,0.935483870968,-1,0.96875,0.716275105376,0.366895752202,0.716275105376
GLUT1,5EQG,5EQH,VAL ,165,95.723125,-0.30140346478454927,1.1522400303062492,1.1476929068023685,0.3455570432984727,1.4055976851125536,99.13358000000001,5,1.38086562304,5,1.38086562304,4.013335269485482,1,29,0.935483870968,-1,0.96875,0.298968634648,0.312980551698,0.298968634648
GLUT1,5EQG,5EQH,ILE ,168,80.47052631578948,-0.9441503533178967,1.1522400303062492,1.1476929068023685,0.3455570432984727,1.4055976851125536,113.16067000000001,13,1.79893563565,11,1.76740228389,0.0353075490037647,1,29,0.935483870968,-1,0.96875,0.216091856873,0.167479843271,0.216091856873
GLUT1,5EQG,5EQH,GLN ,282,99.3094117647059,-0.15027678092383392,1.1522400303062492,1.1476929068023685,0.3455570432984727,1.4055976851125536,128.13171,32,1.96123544626,13,1.52573190872,0.0,1,29,0.935483870968,-1,0.96875,0.349811509952,0.0627730463176,0.349811509952
GLUT1,5EQG,5EQH,GLN ,283,87.08294117647061,-0.6655021593026581,1.1522400303062492,1.1476929068023685,0.3455570432984727,1.4055976851125536,128.13171,32,2.38958199236,7,1.31411392935,0.0,1,29,0.935483870968,-1,0.96875,0.20650353328,0.149447105061,0.20650353328
GLUT1,5EQG,5EQH,ASN ,288,92.30357142857144,-0.4455039858638897,1.1522400303062492,1.1476929068023685,0.3455570432984727,1.4055976851125536,114.10462,27,1.579958787,18,1.25248409119,0.0,1,29,0.935483870968,-1,0.96875,1.57218302621,0.273841143713,1.57218302621
GLUT1,5EQG,5EQH,PHE ,379,107.82900000000002,0.20873999668858043,1.1522400303062492,1.1476929068023685,0.3455570432984727,1.4055976851125536,147.17818,20,3.37456614705,0,0,0.0,1,29,0.935483870968,-1,0.96875,0.141130172312,0.115444245071,0.141130172312
GLUT1,5EQG,5EQH,GLU ,380,114.17399999999999,0.47611928674791,1.1522400303062492,1.1476929068023685,0.3455570432984727,1.4055976851125536,128.10846999999998,28,1.94182814789,10,1.5380354957,10.400659232631684,0,29,0.935483870968,-1,0.96875,0.224857714297,0.160447981383,0.224857714297
GLUT1,5EQG,5EQH,GLY ,384,103.61714285714285,0.031251679479995506,1.1522400303062492,1.1476929068023685,0.3455570432984727,1.4055976851125536,57.052310000000006,0,0,0,0,5.142400728916398,0,29,0.935483870968,-1,0.96875,0.145261931878,0.123116260287,0.145261931878
GLUT1,5EQG,5EQH,PRO ,385,97.65785714285713,-0.21987355039335824,1.1522400303062492,1.1476929068023685,0.3455570432984727,1.4055976851125536,97.11764000000001,0,0,0,0,21.33757185966354,0,29,0.935483870968,-1,0.96875,0.291593354637,0.21896328782,0.291593354637
GLUT1,5EQG,5EQH,TRP ,388,103.1225,0.010407352297052377,1.1522400303062492,1.1476929068023685,0.3455570432984727,1.4055976851125536,186.21514999999994,20,3.44240351013,5,2.87952371103,17.21113819934606,0,29,0.935483870968,-1,0.96875,0.373260511189,0.339608768725,0.373260511189
GLUT1,5EQG,5EQH,ALA ,392,113.744,0.4579990196516909,1.1522400303062492,1.1476929068023685,0.3455570432984727,1.4055976851125536,71.0794,0,0,0,0,38.15569570201361,1,29,0.935483870968,-1,0.96875,0.308428852436,0.299796165426,0.308428852436
GLUT1,5EQG,5EQH,ILE ,404,111.45157894736842,0.3613960387896426,1.1522400303062492,1.1476929068023685,0.3455570432984727,1.4055976851125536,113.16067000000001,13,2.01893876514,13,2.01893876514,41.509310710023684,1,29,0.935483870968,-1,0.96875,0.23418983533,0.22980889146,0.23418983533
GLUT1,5EQG,5EQH,ALA ,407,92.808,-0.4242472871540061,1.1522400303062492,1.1476929068023685,0.3455570432984727,1.4055976851125536,71.0794,0,0,0,0,0.0,1,29,0.935483870968,-1,0.96875,0.254566641259,0.222917034093,0.254566641259
GLUT1,5EQG,5EQH,GLY ,408,88.90428571428572,-0.5887504162806811,1.1522400303062492,1.1476929068023685,0.3455570432984727,1.4055976851125536,57.052310000000006,0,0,0,0,0.4042673241969581,1,29,0.935483870968,-1,0.96875,0.338971581809,0.342803004522,0.338971581809
GLUT1,5EQG,5EQH,ASN ,411,80.89214285714287,-0.9263833664771812,1.1522400303062492,1.1476929068023685,0.3455570432984727,1.4055976851125536,114.10462,27,1.65899805,0,0,0.3913589773001861,1,29,0.935483870968,-1,0.96875,0.205844494964,0.138405711941,0.205844494964
GLUT1,5EQG,5EQH,TRP ,412,66.82749999999997,-1.5190696110919812,1.1522400303062492,1.1476929068023685,0.3455570432984727,1.4055976851125536,186.21514999999994,20,3.31074935777,3,0.821667516416,3.1643496132750797,1,29,0.935483870968,-1,0.96875,0.189073191464,0.0993434415902,0.189073191464
GLUT1,5EQG,5EQH,ASN ,415,74.59,-1.1919566498491816,1.1522400303062492,1.1476929068023685,0.3455570432984727,1.4055976851125536,114.10462,27,1.6603996399,0,0,1.8039059655564436,1,29,0.935483870968,-1,0.96875,0.140897242324,0.0813184466649,0.140897242324
GLUT1,5EQG,5EQI,PHE ,26,66.96450000000002,-1.5132964097148118,1.1522400303062492,1.1476929068023685,0.3455570432984727,1.4055976851125536,147.17818,20,3.20878291869,5,1.46462639265,0.8195312968820108,1,7,0.225806451613,-4,0.885714285714,0.469256840857,0.417006365852,0.469256840857
GLUT1,5EQG,5EQI,THR ,30,76.75071428571428,-1.1009038126962523,1.1522400303062492,1.1476929068023685,0.3455570432984727,1.4055976851125536,101.10589,6,1.68199575471,6,1.68199575471,1.6489924752781029,1,7,0.225806451613,-4,0.885714285714,0.222751582739,0.199898332122,0.222751582739
GLUT1,5EQG,5EQI,SER ,80,73.93545454545455,-1.2195392974375072,1.1522400303062492,1.1476929068023685,0.3455570432984727,1.4055976851125536,87.0788,7,1.01552157447,7,1.01552157447,7.560832944783808,1,7,0.225806451613,-4,0.885714285714,0.154706056326,0.0790576997705,0.154706056326
GLUT1,5EQG,5EQI,THR ,137,89.69285714285715,-0.5555198932337937,1.1522400303062492,1.1476929068023685,0.3455570432984727,1.4055976851125536,101.10589,6,1.4707238468,6,1.4707238468,0.07742493637441566,1,7,0.225806451613,-4,0.885714285714,0.688212117157,0.621419722298,0.688212117157
GLUT1,5EQG,5EQI,GLY ,138,74.53428571428572,-1.1943044585427118,1.1522400303062492,1.1476929068023685,0.3455570432984727,1.4055976851125536,57.052310000000006,0,0,0,0,6.17706109787369,1,7,0.225806451613,-4,0.885714285714,0.365633408671,0.371195840852,0.365633408671
GLUT1,5EQG,5EQI,PRO ,141,93.45785714285716,-0.39686220575177883,1.1522400303062492,1.1476929068023685,0.3455570432984727,1.4055976851125536,97.11764000000001,0,0,0,0,35.57807947137947,1,7,0.225806451613,-4,0.885714285714,0.408008227144,0.423852739838,0.408008227144
GLUT1,5EQG,5EQI,HIS ,160,91.268125,-0.4891378599325899,1.1522400303062492,1.1476929068023685,0.3455570432984727,1.4055976851125536,137.14219,25,2.68659560863,7,1.44883785065,1.8794340854289364,1,7,0.225806451613,-4,0.885714285714,1.71086726003,0.584842329889,1.71086726003
GLUT1,5EQG,5EQI,GLN ,161,96.65,-0.2623448076570875,1.1522400303062492,1.1476929068023685,0.3455570432984727,1.4055976851125536,128.13171,32,2.53883461026,25,2.60710196881,40.767229731843784,1,7,0.225806451613,-4,0.885714285714,0.839094372718,0.655890215365,0.839094372718
GLUT1,5EQG,5EQI,ILE ,164,86.82315789473682,-0.6764494673309108,1.1522400303062492,1.1476929068023685,0.3455570432984727,1.4055976851125536,113.16067000000001,13,1.80351761289,13,1.80351761289,2.6511645948002918,1,7,0.225806451613,-4,0.885714285714,0.500944680047,0.394510420314,0.500944680047
GLUT1,5EQG,5EQI,VAL ,165,95.723125,-0.30140346478454927,1.1522400303062492,1.1476929068023685,0.3455570432984727,1.4055976851125536,99.13358000000001,5,1.38086562304,5,1.38086562304,4.013335269485482,1,7,0.225806451613,-4,0.885714285714,2.38883227722,0.250229239261,2.38883227722
GLUT1,5EQG,5EQI,ILE ,168,80.47052631578948,-0.9441503533178967,1.1522400303062492,1.1476929068023685,0.3455570432984727,1.4055976851125536,113.16067000000001,13,1.79893563565,11,1.76740228389,0.0353075490037647,1,7,0.225806451613,-4,0.885714285714,0.115277584467,0.0789450391918,0.115277584467
GLUT1,5EQG,5EQI,GLN ,282,99.3094117647059,-0.15027678092383392,1.1522400303062492,1.1476929068023685,0.3455570432984727,1.4055976851125536,128.13171,32,1.96123544626,13,1.52573190872,0.0,1,7,0.225806451613,-4,0.885714285714,0.47903621059,0.368859031231,0.47903621059
GLUT1,5EQG,5EQI,GLN ,283,87.08294117647061,-0.6655021593026581,1.1522400303062492,1.1476929068023685,0.3455570432984727,1.4055976851125536,128.13171,32,2.38958199236,7,1.31411392935,0.0,1,7,0.225806451613,-4,0.885714285714,0.454557388752,0.37201552139,0.454557388752
GLUT1,5EQG,5EQI,ILE ,287,98.2105263157895,-0.19658398520875078,1.1522400303062492,1.1476929068023685,0.3455570432984727,1.4055976851125536,113.16067000000001,13,2.76295384163,4,2.49713493677,0.0,0,7,0.225806451613,-4,0.885714285714,0.338211183985,0.292014876818,0.338211183985
GLUT1,5EQG,5EQI,ASN ,288,92.30357142857144,-0.4455039858638897,1.1522400303062492,1.1476929068023685,0.3455570432984727,1.4055976851125536,114.10462,27,1.579958787,18,1.25248409119,0.0,1,7,0.225806451613,-4,0.885714285714,0.477549491491,0.353866208002,0.477549491491
GLUT1,5EQG,5EQI,PHE ,291,92.13999999999997,-0.4523969113872042,1.1522400303062492,1.1476929068023685,0.3455570432984727,1.4055976851125536,147.17818,20,2.57331585451,4,1.2798851932,0.08821534824767739,1,7,0.225806451613,-4,0.885714285714,0.941648398238,0.134410583653,0.941648398238
GLUT1,5EQG,5EQI,THR ,321,109.98214285714286,0.2994737726600811,1.1522400303062492,1.1476929068023685,0.3455570432984727,1.4055976851125536,101.10589,6,1.64510478071,6,1.64510478071,6.070352481020063,1,7,0.225806451613,-4,0.885714285714,0.430220493095,0.185920748154,0.430220493095
GLUT1,5EQG,5EQI,PHE ,379,107.82900000000002,0.20873999668858043,1.1522400303062492,1.1476929068023685,0.3455570432984727,1.4055976851125536,147.17818,20,3.37456614705,0,0,0.0,1,7,0.225806451613,-4,0.885714285714,0.111250798508,0.107816973682,0.111250798508
GLUT1,5EQG,5EQI,GLU ,380,114.17399999999999,0.47611928674791,1.1522400303062492,1.1476929068023685,0.3455570432984727,1.4055976851125536,128.10846999999998,28,1.94182814789,10,1.5380354957,10.400659232631684,0,7,0.225806451613,-4,0.885714285714,0.403836368734,0.264828133449,0.403836368734
GLUT1,5EQG,5EQI,GLY ,384,103.61714285714285,0.031251679479995506,1.1522400303062492,1.1476929068023685,0.3455570432984727,1.4055976851125536,57.052310000000006,0,0,0,0,5.142400728916398,0,7,0.225806451613,-4,0.885714285714,0.220084980514,0.124974999116,0.220084980514
GLUT1,5EQG,5EQI,PRO ,385,97.65785714285713,-0.21987355039335824,1.1522400303062492,1.1476929068023685,0.3455570432984727,1.4055976851125536,97.11764000000001,0,0,0,0,21.33757185966354,0,7,0.225806451613,-4,0.885714285714,0.429179421894,0.294217722699,0.429179421894
GLUT1,5EQG,5EQI,TRP ,388,103.1225,0.010407352297052377,1.1522400303062492,1.1476929068023685,0.3455570432984727,1.4055976851125536,186.21514999999994,20,3.44240351013,5,2.87952371103,17.21113819934606,0,7,0.225806451613,-4,0.885714285714,0.8102050066,0.594188463972,0.8102050066
GLUT1,5EQG,5EQI,ILE ,404,111.45157894736842,0.3613960387896426,1.1522400303062492,1.1476929068023685,0.3455570432984727,1.4055976851125536,113.16067000000001,13,2.01893876514,13,2.01893876514,41.509310710023684,1,7,0.225806451613,-4,0.885714285714,0.548008812366,0.475065104922,0.548008812366
GLUT1,5EQG,5EQI,ALA ,407,92.808,-0.4242472871540061,1.1522400303062492,1.1476929068023685,0.3455570432984727,1.4055976851125536,71.0794,0,0,0,0,0.0,1,7,0.225806451613,-4,0.885714285714,0.391408678213,0.388314479865,0.391408678213
GLUT1,5EQG,5EQI,GLY ,408,88.90428571428572,-0.5887504162806811,1.1522400303062492,1.1476929068023685,0.3455570432984727,1.4055976851125536,57.052310000000006,0,0,0,0,0.4042673241969581,1,7,0.225806451613,-4,0.885714285714,0.320567159569,0.313119303246,0.320567159569
GLUT1,5EQG,5EQI,ASN ,411,80.89214285714287,-0.9263833664771812,1.1522400303062492,1.1476929068023685,0.3455570432984727,1.4055976851125536,114.10462,27,1.65899805,0,0,0.3913589773001861,1,7,0.225806451613,-4,0.885714285714,0.248618892567,0.202209483321,0.248618892567
GLUT1,5EQG,5EQI,TRP ,412,66.82749999999997,-1.5190696110919812,1.1522400303062492,1.1476929068023685,0.3455570432984727,1.4055976851125536,186.21514999999994,20,3.31074935777,3,0.821667516416,3.1643496132750797,1,7,0.225806451613,-4,0.885714285714,0.246470306115,0.187236061385,0.246470306115
GLUT1,5EQG,5EQI,ASN ,415,74.59,-1.1919566498491816,1.1522400303062492,1.1476929068023685,0.3455570432984727,1.4055976851125536,114.10462,27,1.6603996399,0,0,1.8039059655564436,1,7,0.225806451613,-4,0.885714285714,0.749990171922,0.263509131921,0.749990171922
GLUT1,5EQH,5EQG,PHE ,26,74.91799999999999,-0.8598054327113921,1.8903567581888727,1.9240304996783177,0.19910657187578226,1.7384503446538746,147.17818,20,3.34484805557,5,1.37765149265,3.606240876329702,1,29,0.90625,1,1.03225806452,0.493758387712,0.215548622499,0.493758387712
GLUT1,5EQH,5EQG,THR ,30,78.74142857142859,-0.6682415917258077,1.8903567581888727,1.9240304996783177,0.19910657187578226,1.7384503446538746,101.10589,6,1.68727969701,6,1.68727969701,3.031658196047257,1,29,0.90625,1,1.03225806452,0.141092543635,0.0819573575099,0.141092543635
GLUT1,5EQH,5EQG,SER ,80,67.39636363636363,-1.236659223856405,1.8903567581888727,1.9240304996783177,0.19910657187578226,1.7384503446538746,87.0788,7,1.02090911963,7,1.02090911963,4.034136112036625,1,29,0.90625,1,1.03225806452,0.202911072898,0.193308908512,0.202911072898
GLUT1,5EQH,5EQG,VAL ,83,79.35125,-0.6376879321006701,1.8903567581888727,1.9240304996783177,0.19910657187578226,1.7384503446538746,99.13358000000001,5,1.98184695874,5,1.98184695874,26.204165321003984,1,29,0.90625,1,1.03225806452,0.203402610117,0.135427817792,0.203402610117
GLUT1,5EQH,5EQG,GLY ,134,72.90857142857142,-0.9604830962632983,1.8903567581888727,1.9240304996783177,0.19910657187578226,1.7384503446538746,57.052310000000006,0,0,0,0,0.0,1,29,0.90625,1,1.03225806452,0.204988163361,0.18663637302,0.204988163361
GLUT1,5EQH,5EQG,THR ,137,86.03142857142859,-0.30299339244713736,1.8903567581888727,1.9240304996783177,0.19910657187578226,1.7384503446538746,101.10589,6,1.32848541013,6,1.32848541013,0.3292162975841151,1,29,0.90625,1,1.03225806452,2.26937119026,0.2782235307,2.26937119026
GLUT1,5EQH,5EQG,GLY ,138,74.84142857142857,-0.8636418629448501,1.8903567581888727,1.9240304996783177,0.19910657187578226,1.7384503446538746,57.052310000000006,0,0,0,0,9.689042846335452,1,29,0.90625,1,1.03225806452,0.271935341295,0.185970706516,0.271935341295
GLUT1,5EQH,5EQG,PRO ,141,85.89714285714285,-0.3097214603938748,1.8903567581888727,1.9240304996783177,0.19910657187578226,1.7384503446538746,97.11764000000001,0,0,0,0,37.636466441336154,1,29,0.90625,1,1.03225806452,0.224601579192,0.172562941821,0.224601579192
GLUT1,5EQH,5EQG,HIS ,160,80.935625,-0.558306571917934,1.8903567581888727,1.9240304996783177,0.19910657187578226,1.7384503446538746,137.14219,25,2.81351088522,5,0.923981066404,1.6911767950545855,1,29,0.90625,1,1.03225806452,1.04664786266,0.277408267061,1.04664786266
GLUT1,5EQH,5EQG,GLN ,161,98.63764705882353,0.32861135408708486,1.8903567581888727,1.9240304996783177,0.19910657187578226,1.7384503446538746,128.13171,32,2.54816641698,22,2.88720857605,34.84512464365996,1,29,0.90625,1,1.03225806452,0.601108252815,0.355449591134,0.601108252815
GLUT1,5EQH,5EQG,ILE ,164,81.79894736842105,-0.5150518475746164,1.8903567581888727,1.9240304996783177,0.19910657187578226,1.7384503446538746,113.16067000000001,13,1.87124017028,13,1.87124017028,0.16329090547494565,1,29,0.90625,1,1.03225806452,0.716275105376,0.366895752202,0.716275105376
GLUT1,5EQH,5EQG,VAL ,165,85.51187500000002,-0.3290243946958464,1.8903567581888727,1.9240304996783177,0.19910657187578226,1.7384503446538746,99.13358000000001,5,1.38552156911,5,1.38552156911,0.08177926177217915,1,29,0.90625,1,1.03225806452,0.298968634648,0.312980551698,0.298968634648
GLUT1,5EQH,5EQG,ILE ,168,79.29105263157896,-0.6407039787971167,1.8903567581888727,1.9240304996783177,0.19910657187578226,1.7384503446538746,113.16067000000001,13,1.78274074519,10,1.81022724748,0.3774839567352536,1,29,0.90625,1,1.03225806452,0.216091856873,0.167479843271,0.216091856873
GLUT1,5EQH,5EQG,GLN ,282,86.13529411764705,-0.2977894550365219,1.8903567581888727,1.9240304996783177,0.19910657187578226,1.7384503446538746,128.13171,32,1.9854566451,12,1.5225647679,0.0,1,29,0.90625,1,1.03225806452,0.349811509952,0.0627730463176,0.349811509952
GLUT1,5EQH,5EQG,GLN ,283,77.24235294117649,-0.7433492288358371,1.8903567581888727,1.9240304996783177,0.19910657187578226,1.7384503446538746,128.13171,32,2.37097955625,6,1.09225606755,0.377760954100216,1,29,0.90625,1,1.03225806452,0.20650353328,0.149447105061,0.20650353328
GLUT1,5EQH,5EQG,ASN ,288,82.20785714285714,-0.4945643909518144,1.8903567581888727,1.9240304996783177,0.19910657187578226,1.7384503446538746,114.10462,27,1.66783612727,18,1.56790166999,0.35711131363003684,1,29,0.90625,1,1.03225806452,1.57218302621,0.273841143713,1.57218302621
GLUT1,5EQH,5EQG,PHE ,379,88.91400000000002,-0.1585689722032614,1.8903567581888727,1.9240304996783177,0.19910657187578226,1.7384503446538746,147.17818,20,3.34804060674,0,0,0.20882070460025748,1,29,0.90625,1,1.03225806452,0.141130172312,0.115444245071,0.141130172312
GLUT1,5EQH,5EQG,GLU ,380,87.51866666666668,-0.22847884701718552,1.8903567581888727,1.9240304996783177,0.19910657187578226,1.7384503446538746,128.10846999999998,28,1.94245362576,9,1.37190022372,4.160313847160423,0,29,0.90625,1,1.03225806452,0.224857714297,0.160447981383,0.224857714297
GLUT1,5EQH,5EQG,GLY ,384,83.17428571428572,-0.44614377429258995,1.8903567581888727,1.9240304996783177,0.19910657187578226,1.7384503446538746,57.052310000000006,0,0,0,0,0.0,0,29,0.90625,1,1.03225806452,0.145261931878,0.123116260287,0.145261931878
GLUT1,5EQH,5EQG,PRO ,385,93.03285714285714,0.04779661826514075,1.8903567581888727,1.9240304996783177,0.19910657187578226,1.7384503446538746,97.11764000000001,0,0,0,0,16.46596584082333,0,29,0.90625,1,1.03225806452,0.291593354637,0.21896328782,0.291593354637
GLUT1,5EQH,5EQG,TRP ,388,102.75208333333332,0.5347554474082835,1.8903567581888727,1.9240304996783177,0.19910657187578226,1.7384503446538746,186.21514999999994,20,3.52301676161,2,0.476139234549,8.949167145702658,0,29,0.90625,1,1.03225806452,0.373260511189,0.339608768725,0.373260511189
GLUT1,5EQH,5EQG,ALA ,392,111.673,0.98171686694396,1.8903567581888727,1.9240304996783177,0.19910657187578226,1.7384503446538746,71.0794,0,0,0,0,28.792243708525312,0,29,0.90625,1,1.03225806452,0.308428852436,0.299796165426,0.308428852436
GLUT1,5EQH,5EQG,ILE ,404,91.83842105263159,-0.012047775576880849,1.8903567581888727,1.9240304996783177,0.19910657187578226,1.7384503446538746,113.16067000000001,13,2.03102147565,13,2.03102147565,36.941295530485625,1,29,0.90625,1,1.03225806452,0.23418983533,0.22980889146,0.23418983533
GLUT1,5EQH,5EQG,ALA ,407,86.499,-0.27956683245813047,1.8903567581888727,1.9240304996783177,0.19910657187578226,1.7384503446538746,71.0794,0,0,0,0,0.1080921880316078,1,29,0.90625,1,1.03225806452,0.254566641259,0.222917034093,0.254566641259
GLUT1,5EQH,5EQG,GLY ,408,79.1457142857143,-0.6479858126946759,1.8903567581888727,1.9240304996783177,0.19910657187578226,1.7384503446538746,57.052310000000006,0,0,0,0,0.45450833572176313,1,29,0.90625,1,1.03225806452,0.338971581809,0.342803004522,0.338971581809
GLUT1,5EQH,5EQG,ASN ,411,75.14714285714285,-0.8483247720873868,1.8903567581888727,1.9240304996783177,0.19910657187578226,1.7384503446538746,114.10462,27,1.63583043486,0,0,0.06542011347500971,1,29,0.90625,1,1.03225806452,0.205844494964,0.138405711941,0.205844494964
GLUT1,5EQH,5EQG,TRP ,412,68.84249999999999,-1.164203983427107,1.8903567581888727,1.9240304996783177,0.19910657187578226,1.7384503446538746,186.21514999999994,20,3.2912889858,2,0.74858511521,3.773576124930037,1,29,0.90625,1,1.03225806452,0.189073191464,0.0993434415902,0.189073191464
GLUT1,5EQH,5EQG,ASN ,415,76.37928571428571,-0.7865911699165354,1.8903567581888727,1.9240304996783177,0.19910657187578226,1.7384503446538746,114.10462,27,1.68060570432,0,0,5.8901470794121735,1,29,0.90625,1,1.03225806452,0.140897242324,0.0813184466649,0.140897242324
GLUT1,5EQH,5EQI,PHE ,26,74.91799999999999,-0.8598054327113921,1.8903567581888727,1.9240304996783177,0.19910657187578226,1.7384503446538746,147.17818,20,3.34484805557,5,1.37765149265,3.606240876329702,1,7,0.21875,-3,0.914285714286,0.348403550398,0.233540761401,0.348403550398
GLUT1,5EQH,5EQI,THR ,30,78.74142857142859,-0.6682415917258077,1.8903567581888727,1.9240304996783177,0.19910657187578226,1.7384503446538746,101.10589,6,1.68727969701,6,1.68727969701,3.031658196047257,1,7,0.21875,-3,0.914285714286,0.254968064537,0.245722599785,0.254968064537
GLUT1,5EQH,5EQI,SER ,80,67.39636363636363,-1.236659223856405,1.8903567581888727,1.9240304996783177,0.19910657187578226,1.7384503446538746,87.0788,7,1.02090911963,7,1.02090911963,4.034136112036625,1,7,0.21875,-3,0.914285714286,0.278021030038,0.252811864874,0.278021030038
GLUT1,5EQH,5EQI,VAL ,83,79.35125,-0.6376879321006701,1.8903567581888727,1.9240304996783177,0.19910657187578226,1.7384503446538746,99.13358000000001,5,1.98184695874,5,1.98184695874,26.204165321003984,1,7,0.21875,-3,0.914285714286,0.331217587541,0.258401051217,0.331217587541
GLUT1,5EQH,5EQI,GLY ,134,72.90857142857142,-0.9604830962632983,1.8903567581888727,1.9240304996783177,0.19910657187578226,1.7384503446538746,57.052310000000006,0,0,0,0,0.0,1,7,0.21875,-3,0.914285714286,0.261842859998,0.249683425379,0.261842859998
GLUT1,5EQH,5EQI,THR ,137,86.03142857142859,-0.30299339244713736,1.8903567581888727,1.9240304996783177,0.19910657187578226,1.7384503446538746,101.10589,6,1.32848541013,6,1.32848541013,0.3292162975841151,1,7,0.21875,-3,0.914285714286,2.25973910468,0.845472314722,2.25973910468
GLUT1,5EQH,5EQI,PRO ,141,85.89714285714285,-0.3097214603938748,1.8903567581888727,1.9240304996783177,0.19910657187578226,1.7384503446538746,97.11764000000001,0,0,0,0,37.636466441336154,1,7,0.21875,-3,0.914285714286,0.542307566958,0.545788279806,0.542307566958
GLUT1,5EQH,5EQI,HIS ,160,80.935625,-0.558306571917934,1.8903567581888727,1.9240304996783177,0.19910657187578226,1.7384503446538746,137.14219,25,2.81351088522,5,0.923981066404,1.6911767950545855,1,7,0.21875,-3,0.914285714286,1.69383877742,0.346064403367,1.69383877742
GLUT1,5EQH,5EQI,GLN ,161,98.63764705882353,0.32861135408708486,1.8903567581888727,1.9240304996783177,0.19910657187578226,1.7384503446538746,128.13171,32,2.54816641698,22,2.88720857605,34.84512464365996,1,7,0.21875,-3,0.914285714286,1.15875587116,0.820235524704,1.15875587116
GLUT1,5EQH,5EQI,ILE ,164,81.79894736842105,-0.5150518475746164,1.8903567581888727,1.9240304996783177,0.19910657187578226,1.7384503446538746,113.16067000000001,13,1.87124017028,13,1.87124017028,0.16329090547494565,1,7,0.21875,-3,0.914285714286,0.918425572675,0.687831794537,0.918425572675
GLUT1,5EQH,5EQI,VAL ,165,85.51187500000002,-0.3290243946958464,1.8903567581888727,1.9240304996783177,0.19910657187578226,1.7384503446538746,99.13358000000001,5,1.38552156911,5,1.38552156911,0.08177926177217915,1,7,0.21875,-3,0.914285714286,2.45656262863,0.33444450679,2.45656262863
GLUT1,5EQH,5EQI,ILE ,168,79.29105263157896,-0.6407039787971167,1.8903567581888727,1.9240304996783177,0.19910657187578226,1.7384503446538746,113.16067000000001,13,1.78274074519,10,1.81022724748,0.3774839567352536,1,7,0.21875,-3,0.914285714286,0.283088077621,0.190914512898,0.283088077621
GLUT1,5EQH,5EQI,GLN ,282,86.13529411764705,-0.2977894550365219,1.8903567581888727,1.9240304996783177,0.19910657187578226,1.7384503446538746,128.13171,32,1.9854566451,12,1.5225647679,0.0,1,7,0.21875,-3,0.914285714286,0.442860840499,0.393595729348,0.442860840499
GLUT1,5EQH,5EQI,GLN ,283,77.24235294117649,-0.7433492288358371,1.8903567581888727,1.9240304996783177,0.19910657187578226,1.7384503446538746,128.13171,32,2.37097955625,6,1.09225606755,0.377760954100216,1,7,0.21875,-3,0.914285714286,0.465448964244,0.310646454993,0.465448964244
GLUT1,5EQH,5EQI,ILE ,287,74.46157894736844,-0.8826733294996707,1.8903567581888727,1.9240304996783177,0.19910657187578226,1.7384503446538746,113.16067000000001,13,2.77263583157,3,2.64532015908,0.2639904218287547,1,7,0.21875,-3,0.914285714286,0.267717954612,0.146476189017,0.267717954612
GLUT1,5EQH,5EQI,ASN ,288,82.20785714285714,-0.4945643909518144,1.8903567581888727,1.9240304996783177,0.19910657187578226,1.7384503446538746,114.10462,27,1.66783612727,18,1.56790166999,0.35711131363003684,1,7,0.21875,-3,0.914285714286,1.64650786164,0.122205116202,1.64650786164
GLUT1,5EQH,5EQI,PHE ,291,79.159,-0.6473201634190953,1.8903567581888727,1.9240304996783177,0.19910657187578226,1.7384503446538746,147.17818,20,2.58586948464,2,1.44802425608,1.062278708063394,1,7,0.21875,-3,0.914285714286,0.704786611374,0.123825405023,0.704786611374
GLUT1,5EQH,5EQI,THR ,321,99.29214285714285,0.3614033172930638,1.8903567581888727,1.9240304996783177,0.19910657187578226,1.7384503446538746,101.10589,6,1.63499796938,6,1.63499796938,5.916272619405035,1,7,0.21875,-3,0.914285714286,0.425982994618,0.152956342749,0.425982994618
GLUT1,5EQH,5EQI,PHE ,379,88.91400000000002,-0.1585689722032614,1.8903567581888727,1.9240304996783177,0.19910657187578226,1.7384503446538746,147.17818,20,3.34804060674,0,0,0.20882070460025748,1,7,0.21875,-3,0.914285714286,0.148302158679,0.103865343758,0.148302158679
GLUT1,5EQH,5EQI,GLU ,380,87.51866666666668,-0.22847884701718552,1.8903567581888727,1.9240304996783177,0.19910657187578226,1.7384503446538746,128.10846999999998,28,1.94245362576,9,1.37190022372,4.160313847160423,0,7,0.21875,-3,0.914285714286,0.288623649015,0.190731482608,0.288623649015
GLUT1,5EQH,5EQI,GLY ,384,83.17428571428572,-0.44614377429258995,1.8903567581888727,1.9240304996783177,0.19910657187578226,1.7384503446538746,57.052310000000006,0,0,0,0,0.0,0,7,0.21875,-3,0.914285714286,0.277003947152,0.203286138069,0.277003947152
GLUT1,5EQH,5EQI,PRO ,385,93.03285714285714,0.04779661826514075,1.8903567581888727,1.9240304996783177,0.19910657187578226,1.7384503446538746,97.11764000000001,0,0,0,0,16.46596584082333,0,7,0.21875,-3,0.914285714286,0.607994429852,0.465506784931,0.607994429852
GLUT1,5EQH,5EQI,TRP ,388,102.75208333333332,0.5347554474082835,1.8903567581888727,1.9240304996783177,0.19910657187578226,1.7384503446538746,186.21514999999994,20,3.52301676161,2,0.476139234549,8.949167145702658,0,7,0.21875,-3,0.914285714286,1.12266130415,0.928761578129,1.12266130415
GLUT1,5EQH,5EQI,ALA ,392,111.673,0.98171686694396,1.8903567581888727,1.9240304996783177,0.19910657187578226,1.7384503446538746,71.0794,0,0,0,0,28.792243708525312,0,7,0.21875,-3,0.914285714286,0.51661598388,0.508163730011,0.51661598388
GLUT1,5EQH,5EQI,ILE ,404,91.83842105263159,-0.012047775576880849,1.8903567581888727,1.9240304996783177,0.19910657187578226,1.7384503446538746,113.16067000000001,13,2.03102147565,13,2.03102147565,36.941295530485625,1,7,0.21875,-3,0.914285714286,0.660242870367,0.61353752598,0.660242870367
GLUT1,5EQH,5EQI,ALA ,407,86.499,-0.27956683245813047,1.8903567581888727,1.9240304996783177,0.19910657187578226,1.7384503446538746,71.0794,0,0,0,0,0.1080921880316078,1,7,0.21875,-3,0.914285714286,0.594918808082,0.57299136702,0.594918808082
GLUT1,5EQH,5EQI,GLY ,408,79.1457142857143,-0.6479858126946759,1.8903567581888727,1.9240304996783177,0.19910657187578226,1.7384503446538746,57.052310000000006,0,0,0,0,0.45450833572176313,1,7,0.21875,-3,0.914285714286,0.564753135259,0.61019221754,0.564753135259
GLUT1,5EQH,5EQI,ASN ,411,75.14714285714285,-0.8483247720873868,1.8903567581888727,1.9240304996783177,0.19910657187578226,1.7384503446538746,114.10462,27,1.63583043486,0,0,0.06542011347500971,1,7,0.21875,-3,0.914285714286,0.148869429933,0.0682227406149,0.148869429933
GLUT1,5EQH,5EQI,TRP ,412,68.84249999999999,-1.164203983427107,1.8903567581888727,1.9240304996783177,0.19910657187578226,1.7384503446538746,186.21514999999994,20,3.2912889858,2,0.74858511521,3.773576124930037,1,7,0.21875,-3,0.914285714286,0.259442618948,0.116112826871,0.259442618948
GLUT1,5EQH,5EQI,ASN ,415,76.37928571428571,-0.7865911699165354,1.8903567581888727,1.9240304996783177,0.19910657187578226,1.7384503446538746,114.10462,27,1.68060570432,0,0,5.8901470794121735,1,7,0.21875,-3,0.914285714286,0.774379197047,0.235685914594,0.774379197047
GLUT1,5EQI,5EQG,PHE ,26,89.94350000000001,-0.7667543203672456,0.06047551365844111,0.9781947374704356,0.3408542590146685,1.5229322547318356,147.17818,20,3.29583527004,5,1.38167044711,2.2696578536906316,1,7,0.2,4,1.12903225806,0.469256840857,0.417006365852,0.469256840857
GLUT1,5EQI,5EQG,THR ,30,81.83714285714287,-1.1854923573686027,0.06047551365844111,0.9781947374704356,0.3408542590146685,1.5229322547318356,101.10589,6,1.68539756149,6,1.68539756149,3.6356530857498504,1,7,0.2,4,1.12903225806,0.222751582739,0.199898332122,0.222751582739
GLUT1,5EQI,5EQG,SER ,80,74.11181818181818,-1.5845479667792983,0.06047551365844111,0.9781947374704356,0.3408542590146685,1.5229322547318356,87.0788,7,1.02165148123,7,1.02165148123,14.95040942976024,1,7,0.2,4,1.12903225806,0.154706056326,0.0790576997705,0.154706056326
GLUT1,5EQI,5EQG,THR ,137,85.14071428571428,-1.0148446804015603,0.06047551365844111,0.9781947374704356,0.3408542590146685,1.5229322547318356,101.10589,6,1.47124892833,5,1.40715251529,0.9403831571512122,1,7,0.2,4,1.12903225806,0.688212117157,0.621419722298,0.688212117157
GLUT1,5EQI,5EQG,GLY ,138,99.66000000000001,-0.26484352803202765,0.06047551365844111,0.9781947374704356,0.3408542590146685,1.5229322547318356,57.052310000000006,0,0,0,0,14.887133343453012,1,7,0.2,4,1.12903225806,0.365633408671,0.371195840852,0.365633408671
GLUT1,5EQI,5EQG,PRO ,141,96.03285714285714,-0.4522054531430867,0.06047551365844111,0.9781947374704356,0.3408542590146685,1.5229322547318356,97.11764000000001,0,0,0,0,49.99970249636006,1,7,0.2,4,1.12903225806,0.408008227144,0.423852739838,0.408008227144
GLUT1,5EQI,5EQG,HIS ,160,93.30562499999999,-0.5930820286284472,0.06047551365844111,0.9781947374704356,0.3408542590146685,1.5229322547318356,137.14219,25,2.93350580765,5,1.04779281174,3.922718923815091,1,7,0.2,4,1.12903225806,1.71086726003,0.584842329889,1.71086726003
GLUT1,5EQI,5EQG,GLN ,161,120.76823529411764,0.8255131951984356,0.06047551365844111,0.9781947374704356,0.3408542590146685,1.5229322547318356,128.13171,32,2.45795074841,18,2.34242199734,38.59890222243466,1,7,0.2,4,1.12903225806,0.839094372718,0.655890215365,0.839094372718
GLUT1,5EQI,5EQG,ILE ,164,102.18736842105264,-0.13429101563213738,0.06047551365844111,0.9781947374704356,0.3408542590146685,1.5229322547318356,113.16067000000001,13,1.82105947332,13,1.82105947332,0.0,1,7,0.2,4,1.12903225806,0.500944680047,0.394510420314,0.500944680047
GLUT1,5EQI,5EQG,VAL ,165,91.58000000000001,-0.68222007329715,0.06047551365844111,0.9781947374704356,0.3408542590146685,1.5229322547318356,99.13358000000001,5,1.96537438344,5,1.96537438344,0.0,1,7,0.2,4,1.12903225806,2.38883227722,0.250229239261,2.38883227722
GLUT1,5EQI,5EQG,ILE ,168,98.39473684210529,-0.3302013455683319,0.06047551365844111,0.9781947374704356,0.3408542590146685,1.5229322547318356,113.16067000000001,13,1.80704501876,11,1.77443308871,0.0,1,7,0.2,4,1.12903225806,0.115277584467,0.0789450391918,0.115277584467
GLUT1,5EQI,5EQG,GLN ,282,99.92647058823526,-0.2510788530898997,0.06047551365844111,0.9781947374704356,0.3408542590146685,1.5229322547318356,128.13171,32,1.96795239833,10,1.36297034918,0.0,1,7,0.2,4,1.12903225806,0.47903621059,0.368859031231,0.47903621059
GLUT1,5EQI,5EQG,GLN ,283,89.10235294117646,-0.8102042032226531,0.06047551365844111,0.9781947374704356,0.3408542590146685,1.5229322547318356,128.13171,32,2.3819256775,8,1.50044063599,0.0,1,7,0.2,4,1.12903225806,0.454557388752,0.37201552139,0.454557388752
GLUT1,5EQI,5EQG,ILE ,287,95.60157894736842,-0.47448334958878674,0.06047551365844111,0.9781947374704356,0.3408542590146685,1.5229322547318356,113.16067000000001,13,2.77073939503,6,2.66369585691,0.0,0,7,0.2,4,1.12903225806,0.338211183985,0.292014876818,0.338211183985
GLUT1,5EQI,5EQG,ASN ,288,92.65928571428572,-0.6264690160220798,0.06047551365844111,0.9781947374704356,0.3408542590146685,1.5229322547318356,114.10462,27,1.57348855123,18,1.24882350081,0.0,1,7,0.2,4,1.12903225806,0.477549491491,0.353866208002,0.477549491491
GLUT1,5EQI,5EQG,PHE ,291,89.0275,-0.8140707703007674,0.06047551365844111,0.9781947374704356,0.3408542590146685,1.5229322547318356,147.17818,20,2.54083430074,2,0.606684677173,0.021511472440801163,1,7,0.2,4,1.12903225806,0.941648398238,0.134410583653,0.941648398238
GLUT1,5EQI,5EQG,THR ,321,99.32642857142856,-0.2820743313063224,0.06047551365844111,0.9781947374704356,0.3408542590146685,1.5229322547318356,101.10589,6,1.69571735547,6,1.69571735547,3.8231703424067844,1,7,0.2,4,1.12903225806,0.430220493095,0.185920748154,0.430220493095
GLUT1,5EQI,5EQG,PHE ,379,104.806,0.0009757420093478836,0.06047551365844111,0.9781947374704356,0.3408542590146685,1.5229322547318356,147.17818,20,3.32725329777,0,0,0.0,0,7,0.2,4,1.12903225806,0.111250798508,0.107816973682,0.111250798508
GLUT1,5EQI,5EQG,GLU ,380,110.06066666666666,0.27240824446641837,0.06047551365844111,0.9781947374704356,0.3408542590146685,1.5229322547318356,128.10846999999998,28,1.9458277809,16,1.73110210689,1.2719221525938162,0,7,0.2,4,1.12903225806,0.403836368734,0.264828133449,0.403836368734
GLUT1,5EQI,5EQG,GLY ,384,95.49142857142856,-0.4801732237681724,0.06047551365844111,0.9781947374704356,0.3408542590146685,1.5229322547318356,57.052310000000006,0,0,0,0,0.0,0,7,0.2,4,1.12903225806,0.220084980514,0.124974999116,0.220084980514
GLUT1,5EQI,5EQG,PRO ,385,109.11285714285717,0.22344865726134552,0.06047551365844111,0.9781947374704356,0.3408542590146685,1.5229322547318356,97.11764000000001,0,0,0,0,10.375223241344008,0,7,0.2,4,1.12903225806,0.429179421894,0.294217722699,0.429179421894
GLUT1,5EQI,5EQG,TRP ,388,98.08125,-0.346394669224765,0.06047551365844111,0.9781947374704356,0.3408542590146685,1.5229322547318356,186.21514999999994,20,3.2684795622,9,2.88941810203,23.31750233236377,0,7,0.2,4,1.12903225806,0.8102050066,0.594188463972,0.8102050066
GLUT1,5EQI,5EQG,ILE ,404,86.22210526315789,-0.95898487467801,0.06047551365844111,0.9781947374704356,0.3408542590146685,1.5229322547318356,113.16067000000001,13,2.02309830226,13,2.02309830226,65.80060286317409,1,7,0.2,4,1.12903225806,0.548008812366,0.475065104922,0.548008812366
GLUT1,5EQI,5EQG,ALA ,407,79.06800000000001,-1.3285338523017554,0.06047551365844111,0.9781947374704356,0.3408542590146685,1.5229322547318356,71.0794,0,0,0,0,0.0,1,7,0.2,4,1.12903225806,0.391408678213,0.388314479865,0.391408678213
GLUT1,5EQI,5EQG,GLY ,408,81.85142857142857,-1.184754421468205,0.06047551365844111,0.9781947374704356,0.3408542590146685,1.5229322547318356,57.052310000000006,0,0,0,0,2.3554337373680436,1,7,0.2,4,1.12903225806,0.320567159569,0.313119303246,0.320567159569
GLUT1,5EQI,5EQG,ASN ,411,85.00999999999999,-1.0215967938902024,0.06047551365844111,0.9781947374704356,0.3408542590146685,1.5229322547318356,114.10462,27,1.64323930726,0,0,0.0,1,7,0.2,4,1.12903225806,0.248618892567,0.202209483321,0.248618892567
GLUT1,5EQI,5EQG,TRP ,412,82.26499999999999,-1.163391177151683,0.06047551365844111,0.9781947374704356,0.3408542590146685,1.5229322547318356,186.21514999999994,20,3.31782892936,2,0.65457200978,2.986713287066526,1,7,0.2,4,1.12903225806,0.246470306115,0.187236061385,0.246470306115
GLUT1,5EQI,5EQG,ASN ,415,89.66857142857144,-0.7809558967704057,0.06047551365844111,0.9781947374704356,0.3408542590146685,1.5229322547318356,114.10462,27,1.61544015645,0,0,1.2968806185687036,1,7,0.2,4,1.12903225806,0.749990171922,0.263509131921,0.749990171922
GLUT1,5EQI,5EQH,PHE ,26,89.94350000000001,-0.7667543203672456,0.06047551365844111,0.9781947374704356,0.3408542590146685,1.5229322547318356,147.17818,20,3.29583527004,5,1.38167044711,2.2696578536906316,1,7,0.2,3,1.09375,0.348403550398,0.233540761401,0.348403550398
GLUT1,5EQI,5EQH,THR ,30,81.83714285714287,-1.1854923573686027,0.06047551365844111,0.9781947374704356,0.3408542590146685,1.5229322547318356,101.10589,6,1.68539756149,6,1.68539756149,3.6356530857498504,1,7,0.2,3,1.09375,0.254968064537,0.245722599785,0.254968064537
GLUT1,5EQI,5EQH,SER ,80,74.11181818181818,-1.5845479667792983,0.06047551365844111,0.9781947374704356,0.3408542590146685,1.5229322547318356,87.0788,7,1.02165148123,7,1.02165148123,14.95040942976024,1,7,0.2,3,1.09375,0.278021030038,0.252811864874,0.278021030038
GLUT1,5EQI,5EQH,VAL ,83,99.074375,-0.2950942878489695,0.06047551365844111,0.9781947374704356,0.3408542590146685,1.5229322547318356,99.13358000000001,5,1.97028442694,5,1.97028442694,30.303793345260573,1,7,0.2,3,1.09375,0.331217587541,0.258401051217,0.331217587541
GLUT1,5EQI,5EQH,GLY ,134,84.06000000000002,-1.0706695312666696,0.06047551365844111,0.9781947374704356,0.3408542590146685,1.5229322547318356,57.052310000000006,0,0,0,0,0.0,1,7,0.2,3,1.09375,0.261842859998,0.249683425379,0.261842859998
GLUT1,5EQI,5EQH,THR ,137,85.14071428571428,-1.0148446804015603,0.06047551365844111,0.9781947374704356,0.3408542590146685,1.5229322547318356,101.10589,6,1.47124892833,5,1.40715251529,0.9403831571512122,1,7,0.2,3,1.09375,2.25973910468,0.845472314722,2.25973910468
GLUT1,5EQI,5EQH,PRO ,141,96.03285714285714,-0.4522054531430867,0.06047551365844111,0.9781947374704356,0.3408542590146685,1.5229322547318356,97.11764000000001,0,0,0,0,49.99970249636006,1,7,0.2,3,1.09375,0.542307566958,0.545788279806,0.542307566958
GLUT1,5EQI,5EQH,HIS ,160,93.30562499999999,-0.5930820286284472,0.06047551365844111,0.9781947374704356,0.3408542590146685,1.5229322547318356,137.14219,25,2.93350580765,5,1.04779281174,3.922718923815091,1,7,0.2,3,1.09375,1.69383877742,0.346064403367,1.69383877742
GLUT1,5EQI,5EQH,GLN ,161,120.76823529411764,0.8255131951984356,0.06047551365844111,0.9781947374704356,0.3408542590146685,1.5229322547318356,128.13171,32,2.45795074841,18,2.34242199734,38.59890222243466,1,7,0.2,3,1.09375,1.15875587116,0.820235524704,1.15875587116
GLUT1,5EQI,5EQH,ILE ,164,102.18736842105264,-0.13429101563213738,0.06047551365844111,0.9781947374704356,0.3408542590146685,1.5229322547318356,113.16067000000001,13,1.82105947332,13,1.82105947332,0.0,1,7,0.2,3,1.09375,0.918425572675,0.687831794537,0.918425572675
GLUT1,5EQI,5EQH,VAL ,165,91.58000000000001,-0.68222007329715,0.06047551365844111,0.9781947374704356,0.3408542590146685,1.5229322547318356,99.13358000000001,5,1.96537438344,5,1.96537438344,0.0,1,7,0.2,3,1.09375,2.45656262863,0.33444450679,2.45656262863
GLUT1,5EQI,5EQH,ILE ,168,98.39473684210529,-0.3302013455683319,0.06047551365844111,0.9781947374704356,0.3408542590146685,1.5229322547318356,113.16067000000001,13,1.80704501876,11,1.77443308871,0.0,1,7,0.2,3,1.09375,0.283088077621,0.190914512898,0.283088077621
GLUT1,5EQI,5EQH,GLN ,282,99.92647058823526,-0.2510788530898997,0.06047551365844111,0.9781947374704356,0.3408542590146685,1.5229322547318356,128.13171,32,1.96795239833,10,1.36297034918,0.0,1,7,0.2,3,1.09375,0.442860840499,0.393595729348,0.442860840499
GLUT1,5EQI,5EQH,GLN ,283,89.10235294117646,-0.8102042032226531,0.06047551365844111,0.9781947374704356,0.3408542590146685,1.5229322547318356,128.13171,32,2.3819256775,8,1.50044063599,0.0,1,7,0.2,3,1.09375,0.465448964244,0.310646454993,0.465448964244
GLUT1,5EQI,5EQH,ILE ,287,95.60157894736842,-0.47448334958878674,0.06047551365844111,0.9781947374704356,0.3408542590146685,1.5229322547318356,113.16067000000001,13,2.77073939503,6,2.66369585691,0.0,0,7,0.2,3,1.09375,0.267717954612,0.146476189017,0.267717954612
GLUT1,5EQI,5EQH,ASN ,288,92.65928571428572,-0.6264690160220798,0.06047551365844111,0.9781947374704356,0.3408542590146685,1.5229322547318356,114.10462,27,1.57348855123,18,1.24882350081,0.0,1,7,0.2,3,1.09375,1.64650786164,0.122205116202,1.64650786164
GLUT1,5EQI,5EQH,PHE ,291,89.0275,-0.8140707703007674,0.06047551365844111,0.9781947374704356,0.3408542590146685,1.5229322547318356,147.17818,20,2.54083430074,2,0.606684677173,0.021511472440801163,1,7,0.2,3,1.09375,0.704786611374,0.123825405023,0.704786611374
GLUT1,5EQI,5EQH,THR ,321,99.32642857142856,-0.2820743313063224,0.06047551365844111,0.9781947374704356,0.3408542590146685,1.5229322547318356,101.10589,6,1.69571735547,6,1.69571735547,3.8231703424067844,1,7,0.2,3,1.09375,0.425982994618,0.152956342749,0.425982994618
GLUT1,5EQI,5EQH,PHE ,379,104.806,0.0009757420093478836,0.06047551365844111,0.9781947374704356,0.3408542590146685,1.5229322547318356,147.17818,20,3.32725329777,0,0,0.0,0,7,0.2,3,1.09375,0.148302158679,0.103865343758,0.148302158679
GLUT1,5EQI,5EQH,GLU ,380,110.06066666666666,0.27240824446641837,0.06047551365844111,0.9781947374704356,0.3408542590146685,1.5229322547318356,128.10846999999998,28,1.9458277809,16,1.73110210689,1.2719221525938162,0,7,0.2,3,1.09375,0.288623649015,0.190731482608,0.288623649015
GLUT1,5EQI,5EQH,GLY ,384,95.49142857142856,-0.4801732237681724,0.06047551365844111,0.9781947374704356,0.3408542590146685,1.5229322547318356,57.052310000000006,0,0,0,0,0.0,0,7,0.2,3,1.09375,0.277003947152,0.203286138069,0.277003947152
GLUT1,5EQI,5EQH,PRO ,385,109.11285714285717,0.22344865726134552,0.06047551365844111,0.9781947374704356,0.3408542590146685,1.5229322547318356,97.11764000000001,0,0,0,0,10.375223241344008,0,7,0.2,3,1.09375,0.607994429852,0.465506784931,0.607994429852
GLUT1,5EQI,5EQH,TRP ,388,98.08125,-0.346394669224765,0.06047551365844111,0.9781947374704356,0.3408542590146685,1.5229322547318356,186.21514999999994,20,3.2684795622,9,2.88941810203,23.31750233236377,0,7,0.2,3,1.09375,1.12266130415,0.928761578129,1.12266130415
GLUT1,5EQI,5EQH,ALA ,392,117.60499999999998,0.6621146532529485,0.06047551365844111,0.9781947374704356,0.3408542590146685,1.5229322547318356,71.0794,0,0,0,0,33.29382723361118,0,7,0.2,3,1.09375,0.51661598388,0.508163730011,0.51661598388
GLUT1,5EQI,5EQH,ILE ,404,86.22210526315789,-0.95898487467801,0.06047551365844111,0.9781947374704356,0.3408542590146685,1.5229322547318356,113.16067000000001,13,2.02309830226,13,2.02309830226,65.80060286317409,1,7,0.2,3,1.09375,0.660242870367,0.61353752598,0.660242870367
GLUT1,5EQI,5EQH,ALA ,407,79.06800000000001,-1.3285338523017554,0.06047551365844111,0.9781947374704356,0.3408542590146685,1.5229322547318356,71.0794,0,0,0,0,0.0,1,7,0.2,3,1.09375,0.594918808082,0.57299136702,0.594918808082
GLUT1,5EQI,5EQH,GLY ,408,81.85142857142857,-1.184754421468205,0.06047551365844111,0.9781947374704356,0.3408542590146685,1.5229322547318356,57.052310000000006,0,0,0,0,2.3554337373680436,1,7,0.2,3,1.09375,0.564753135259,0.61019221754,0.564753135259
GLUT1,5EQI,5EQH,ASN ,411,85.00999999999999,-1.0215967938902024,0.06047551365844111,0.9781947374704356,0.3408542590146685,1.5229322547318356,114.10462,27,1.64323930726,0,0,0.0,1,7,0.2,3,1.09375,0.148869429933,0.0682227406149,0.148869429933
GLUT1,5EQI,5EQH,TRP ,412,82.26499999999999,-1.163391177151683,0.06047551365844111,0.9781947374704356,0.3408542590146685,1.5229322547318356,186.21514999999994,20,3.31782892936,2,0.65457200978,2.986713287066526,1,7,0.2,3,1.09375,0.259442618948,0.116112826871,0.259442618948
GLUT1,5EQI,5EQH,ASN ,415,89.66857142857144,-0.7809558967704057,0.06047551365844111,0.9781947374704356,0.3408542590146685,1.5229322547318356,114.10462,27,1.61544015645,0,0,1.2968806185687036,1,7,0.2,3,1.09375,0.774379197047,0.235685914594,0.774379197047
