protein,start ligand,target ligand,name,num,bfactor,normalized bfactor,prev bfactor,next bfactor,mol weight,solvent accessibility,secondary structure,ligand similarity,rmsd
MGLUR5,4OO9,5CGC,GLY ,624,28.3625,-0.9381532278107768,-0.9483088682891022,-0.9316303361992042,57.052310000000006,0.0,1,7,0.164255393507
MGLUR5,4OO9,5CGC,ILE ,625,28.44375,-0.9316303361992042,-0.9381532278107768,-0.2622478539470024,113.16067000000001,0.0,1,7,0.115679688193
MGLUR5,4OO9,5CGC,GLY ,628,31.737500000000004,-0.6672023454839145,0.04268896621246342,-1.3635795637901635,57.052310000000006,0.0,1,7,0.160653139537
MGLUR5,4OO9,5CGC,CYS ,631,32.385,-0.6152199169486133,-1.0901867784497383,-0.478683609896707,103.14340000000001,0.49079464839970754,0,7,0.143693413855
MGLUR5,4OO9,5CGC,GLY ,650,33.4925,-0.5263078866739467,-0.02414558476149556,-0.5752797498500609,57.052310000000006,6.615214879011808,1,7,0.0765243875404
MGLUR5,4OO9,5CGC,ILE ,651,32.8825,-0.5752797498500609,-0.5263078866739467,-0.944776471600989,113.16067000000001,8.58325351429623,1,7,0.123078068301
MGLUR5,4OO9,5CGC,GLY ,652,28.28,-0.944776471600989,-0.5752797498500609,-0.47031137099306203,57.052310000000006,0.037015582030475024,1,7,0.187281952339
MGLUR5,4OO9,5CGC,SER ,654,25.76666666666667,-1.146551252118968,-0.47031137099306203,-1.3592596414334883,87.0788,0.0,1,7,1.28145854688
MGLUR5,4OO9,5CGC,PRO ,655,23.117142857142856,-1.3592596414334883,-1.146551252118968,-1.2956076881249556,97.11764000000001,0.0,1,7,0.240141039095
MGLUR5,4OO9,5CGC,SER ,658,32.83833333333333,-0.5788255268286596,-0.45877087044951015,-0.1580822925191205,87.0788,0.27554005815903476,0,7,0.149673702206
MGLUR5,4OO9,5CGC,TYR ,659,38.07916666666666,-0.1580822925191205,-0.5788255268286596,0.017935428814700984,163.17758,0.8164644233727036,1,7,0.240037344747
MGLUR5,4OO9,5CGC,VAL ,740,23.545714285714286,-1.3248531801856327,-0.9538081676785511,-1.2722112944764135,99.13358000000001,6.826395121877333,1,7,0.178567711993
MGLUR5,4OO9,5CGC,PRO ,743,32.69285714285714,-0.590504608952237,-1.012213135646786,-1.2180354540365612,97.11764000000001,2.6070000170369796,1,7,0.190441544005
MGLUR5,4OO9,5CGC,LEU ,744,24.876250000000002,-1.2180354540365612,-0.590504608952237,-1.296811914268631,113.16067000000001,4.2236509304246175,1,7,0.172613427056
MGLUR5,4OO9,5CGC,ASN ,747,30.105000000000004,-0.7982622907872041,-1.244294274113918,-0.7504946537547651,114.10462,0.0,1,7,1.48269270838
MGLUR5,4OO9,5CGC,ILE ,751,23.11625,-1.3593313215610878,-1.3726781613201517,-0.3501898131614863,113.16067000000001,3.219886493486877,1,7,0.172943213552
MGLUR5,4OO9,5CGC,THR ,781,27.942857142857143,-0.9718428877826354,-0.5844261341317827,-1.0837976897430186,101.10589,0.0,1,7,0.291711033841
MGLUR5,4OO9,5CGC,ILE ,784,22.372500000000002,-1.419040867851637,-1.2155266495705714,-1.6987367257456625,113.16067000000001,19.144632889163383,1,7,0.47859846273
MGLUR5,4OO9,5CGC,TRP ,785,18.888571428571428,-1.6987367257456625,-1.419040867851637,-1.0366990672348428,186.21514999999994,60.134065769189846,1,7,5.40602875465
MGLUR5,4OO9,5CGC,PHE ,788,35.094545454545454,-0.3976928853593305,-0.8140777941408022,-1.1142856373487573,147.17818,6.188591918979901,1,7,0.261357116499
MGLUR5,4OO9,5CGC,MET ,802,27.165,-1.034290614947493,-0.6038084406347413,-1.0470018909085066,131.19758,5.9879148600766925,1,7,0.357901213104
MGLUR5,4OO9,5CGC,SER ,805,26.875,-1.0575723203918754,-0.154512187739639,-1.4294488223791133,87.0788,13.311310383135055,1,7,1.62235300558
MGLUR5,4OO9,5CGC,VAL ,806,22.242857142857144,-1.4294488223791133,-1.0575723203918754,-1.4407838398902129,99.13358000000001,0.0,1,7,0.906324340401
MGLUR5,4OO9,5CGC,SER ,809,30.488333333333333,-0.7674876226710671,-1.1647484471789453,-1.0855906486680458,87.0788,0.0,1,7,1.53895873144
MGLUR5,4OO9,5CGC,ALA ,810,26.526,-1.0855906486680458,-0.7674876226710671,-1.2454889429072462,71.0794,0.0,1,7,0.377530674037
MGLUR5,4OO9,5CGC,ALA ,813,28.637999999999998,-0.9160356076386139,-0.8878911223378683,-1.1356463153734677,71.0794,0.4266406135140602,1,7,0.446032279831
MGLUR5,4OO9,5CGD,ILE ,621,23.903750000000002,-1.2961094490181533,-1.0319825148387827,-1.0416163239881826,113.16067000000001,1.9798030240213156,1,7,0.102672832674
MGLUR5,4OO9,5CGD,GLY ,624,28.3625,-0.9381532278107768,-0.9483088682891022,-0.9316303361992042,57.052310000000006,0.0,1,7,0.162406753208
MGLUR5,4OO9,5CGD,ILE ,625,28.44375,-0.9316303361992042,-0.9381532278107768,-0.2622478539470024,113.16067000000001,0.0,1,7,0.106863678087
MGLUR5,4OO9,5CGD,GLY ,628,31.737500000000004,-0.6672023454839145,0.04268896621246342,-1.3635795637901635,57.052310000000006,0.0,1,7,0.256384145366
MGLUR5,4OO9,5CGD,CYS ,631,32.385,-0.6152199169486133,-1.0901867784497383,-0.478683609896707,103.14340000000001,0.49079464839970754,0,7,0.16846748998
MGLUR5,4OO9,5CGD,GLY ,650,33.4925,-0.5263078866739467,-0.02414558476149556,-0.5752797498500609,57.052310000000006,6.615214879011808,1,7,0.227023662272
MGLUR5,4OO9,5CGD,ILE ,651,32.8825,-0.5752797498500609,-0.5263078866739467,-0.944776471600989,113.16067000000001,8.58325351429623,1,7,0.252996943229
MGLUR5,4OO9,5CGD,GLY ,652,28.28,-0.944776471600989,-0.5752797498500609,-0.47031137099306203,57.052310000000006,0.037015582030475024,1,7,0.248415454696
MGLUR5,4OO9,5CGD,SER ,654,25.76666666666667,-1.146551252118968,-0.47031137099306203,-1.3592596414334883,87.0788,0.0,1,7,1.28572335306
MGLUR5,4OO9,5CGD,PRO ,655,23.117142857142856,-1.3592596414334883,-1.146551252118968,-1.2956076881249556,97.11764000000001,0.0,1,7,0.264252079546
MGLUR5,4OO9,5CGD,SER ,658,32.83833333333333,-0.5788255268286596,-0.45877087044951015,-0.1580822925191205,87.0788,0.27554005815903476,0,7,0.343702571397
MGLUR5,4OO9,5CGD,TYR ,659,38.07916666666666,-0.1580822925191205,-0.5788255268286596,0.017935428814700984,163.17758,0.8164644233727036,1,7,0.458259477916
MGLUR5,4OO9,5CGD,VAL ,740,23.545714285714286,-1.3248531801856327,-0.9538081676785511,-1.2722112944764135,99.13358000000001,6.826395121877333,1,7,0.108066221457
MGLUR5,4OO9,5CGD,PRO ,743,32.69285714285714,-0.590504608952237,-1.012213135646786,-1.2180354540365612,97.11764000000001,2.6070000170369796,1,7,0.153150017013
MGLUR5,4OO9,5CGD,LEU ,744,24.876250000000002,-1.2180354540365612,-0.590504608952237,-1.296811914268631,113.16067000000001,4.2236509304246175,1,7,0.239889841961
MGLUR5,4OO9,5CGD,ASN ,747,30.105000000000004,-0.7982622907872041,-1.244294274113918,-0.7504946537547651,114.10462,0.0,1,7,0.268078257371
MGLUR5,4OO9,5CGD,ILE ,751,23.11625,-1.3593313215610878,-1.3726781613201517,-0.3501898131614863,113.16067000000001,3.219886493486877,1,7,0.166734282141
MGLUR5,4OO9,5CGD,THR ,781,27.942857142857143,-0.9718428877826354,-0.5844261341317827,-1.0837976897430186,101.10589,0.0,1,7,0.258648390477
MGLUR5,4OO9,5CGD,ILE ,784,22.372500000000002,-1.419040867851637,-1.2155266495705714,-1.6987367257456625,113.16067000000001,19.144632889163383,1,7,0.453395844612
MGLUR5,4OO9,5CGD,TRP ,785,18.888571428571428,-1.6987367257456625,-1.419040867851637,-1.0366990672348428,186.21514999999994,60.134065769189846,1,7,5.39780709208
MGLUR5,4OO9,5CGD,PHE ,788,35.094545454545454,-0.3976928853593305,-0.8140777941408022,-1.1142856373487573,147.17818,6.188591918979901,1,7,0.239519062591
MGLUR5,4OO9,5CGD,MET ,802,27.165,-1.034290614947493,-0.6038084406347413,-1.0470018909085066,131.19758,5.9879148600766925,1,7,0.293477352587
MGLUR5,4OO9,5CGD,SER ,805,26.875,-1.0575723203918754,-0.154512187739639,-1.4294488223791133,87.0788,13.311310383135055,1,7,1.62763215421
MGLUR5,4OO9,5CGD,VAL ,806,22.242857142857144,-1.4294488223791133,-1.0575723203918754,-1.4407838398902129,99.13358000000001,0.0,1,7,0.788378061268
MGLUR5,4OO9,5CGD,SER ,809,30.488333333333333,-0.7674876226710671,-1.1647484471789453,-1.0855906486680458,87.0788,0.0,1,7,1.54465746255
MGLUR5,4OO9,5CGD,ALA ,810,26.526,-1.0855906486680458,-0.7674876226710671,-1.2454889429072462,71.0794,0.0,1,7,0.395473570885
MGLUR5,4OO9,5CGD,ALA ,813,28.637999999999998,-0.9160356076386139,-0.8878911223378683,-1.1356463153734677,71.0794,0.4266406135140602,1,7,0.390831339306
MGLUR5,4OO9,6FFH,GLY ,624,28.3625,-0.9381532278107768,-0.9483088682891022,-0.9316303361992042,57.052310000000006,0.0,1,6,0.0798343267971
MGLUR5,4OO9,6FFH,ILE ,625,28.44375,-0.9316303361992042,-0.9381532278107768,-0.2622478539470024,113.16067000000001,0.0,1,6,0.0756954114955
MGLUR5,4OO9,6FFH,GLY ,628,31.737500000000004,-0.6672023454839145,0.04268896621246342,-1.3635795637901635,57.052310000000006,0.0,1,6,0.109355016518
MGLUR5,4OO9,6FFH,ILE ,651,32.8825,-0.5752797498500609,-0.5263078866739467,-0.944776471600989,113.16067000000001,8.58325351429623,1,6,0.190169894282
MGLUR5,4OO9,6FFH,GLY ,652,28.28,-0.944776471600989,-0.5752797498500609,-0.47031137099306203,57.052310000000006,0.037015582030475024,1,6,0.201052796522
MGLUR5,4OO9,6FFH,SER ,654,25.76666666666667,-1.146551252118968,-0.47031137099306203,-1.3592596414334883,87.0788,0.0,1,6,0.0840157806221
MGLUR5,4OO9,6FFH,PRO ,655,23.117142857142856,-1.3592596414334883,-1.146551252118968,-1.2956076881249556,97.11764000000001,0.0,1,6,0.185772598096
MGLUR5,4OO9,6FFH,SER ,658,32.83833333333333,-0.5788255268286596,-0.45877087044951015,-0.1580822925191205,87.0788,0.27554005815903476,0,6,0.149044715745
MGLUR5,4OO9,6FFH,TYR ,659,38.07916666666666,-0.1580822925191205,-0.5788255268286596,0.017935428814700984,163.17758,0.8164644233727036,1,6,0.441379004763
MGLUR5,4OO9,6FFH,VAL ,740,23.545714285714286,-1.3248531801856327,-0.9538081676785511,-1.2722112944764135,99.13358000000001,6.826395121877333,1,6,0.120321532094
MGLUR5,4OO9,6FFH,PRO ,743,32.69285714285714,-0.590504608952237,-1.012213135646786,-1.2180354540365612,97.11764000000001,2.6070000170369796,1,6,0.233176443536
MGLUR5,4OO9,6FFH,LEU ,744,24.876250000000002,-1.2180354540365612,-0.590504608952237,-1.296811914268631,113.16067000000001,4.2236509304246175,1,6,0.810485077811
MGLUR5,4OO9,6FFH,ASN ,747,30.105000000000004,-0.7982622907872041,-1.244294274113918,-0.7504946537547651,114.10462,0.0,1,6,0.284785334692
MGLUR5,4OO9,6FFH,ILE ,751,23.11625,-1.3593313215610878,-1.3726781613201517,-0.3501898131614863,113.16067000000001,3.219886493486877,1,6,0.183226482082
MGLUR5,4OO9,6FFH,THR ,781,27.942857142857143,-0.9718428877826354,-0.5844261341317827,-1.0837976897430186,101.10589,0.0,1,6,0.266421655109
MGLUR5,4OO9,6FFH,ILE ,784,22.372500000000002,-1.419040867851637,-1.2155266495705714,-1.6987367257456625,113.16067000000001,19.144632889163383,1,6,0.607987353317
MGLUR5,4OO9,6FFH,TRP ,785,18.888571428571428,-1.6987367257456625,-1.419040867851637,-1.0366990672348428,186.21514999999994,60.134065769189846,1,6,5.19286391005
MGLUR5,4OO9,6FFH,PHE ,788,35.094545454545454,-0.3976928853593305,-0.8140777941408022,-1.1142856373487573,147.17818,6.188591918979901,1,6,0.339641970499
MGLUR5,4OO9,6FFH,MET ,802,27.165,-1.034290614947493,-0.6038084406347413,-1.0470018909085066,131.19758,5.9879148600766925,1,6,0.181064638175
MGLUR5,4OO9,6FFH,SER ,805,26.875,-1.0575723203918754,-0.154512187739639,-1.4294488223791133,87.0788,13.311310383135055,1,6,1.52715217594
MGLUR5,4OO9,6FFH,VAL ,806,22.242857142857144,-1.4294488223791133,-1.0575723203918754,-1.4407838398902129,99.13358000000001,0.0,1,6,0.233590108125
MGLUR5,4OO9,6FFH,SER ,809,30.488333333333333,-0.7674876226710671,-1.1647484471789453,-1.0855906486680458,87.0788,0.0,1,6,1.43655380879
MGLUR5,4OO9,6FFH,ALA ,810,26.526,-1.0855906486680458,-0.7674876226710671,-1.2454889429072462,71.0794,0.0,1,6,0.271229015438
MGLUR5,4OO9,6FFH,ALA ,813,28.637999999999998,-0.9160356076386139,-0.8878911223378683,-1.1356463153734677,71.0794,0.4266406135140602,1,6,0.406965193963
MGLUR5,4OO9,6FFI,GLY ,624,28.3625,-0.9381532278107768,-0.9483088682891022,-0.9316303361992042,57.052310000000006,0.0,1,12,0.0911926258806
MGLUR5,4OO9,6FFI,ILE ,625,28.44375,-0.9316303361992042,-0.9381532278107768,-0.2622478539470024,113.16067000000001,0.0,1,12,0.136488618407
MGLUR5,4OO9,6FFI,GLY ,628,31.737500000000004,-0.6672023454839145,0.04268896621246342,-1.3635795637901635,57.052310000000006,0.0,1,12,0.138275239799
MGLUR5,4OO9,6FFI,ILE ,651,32.8825,-0.5752797498500609,-0.5263078866739467,-0.944776471600989,113.16067000000001,8.58325351429623,1,12,0.309044231833
MGLUR5,4OO9,6FFI,GLY ,652,28.28,-0.944776471600989,-0.5752797498500609,-0.47031137099306203,57.052310000000006,0.037015582030475024,1,12,0.23378086032
MGLUR5,4OO9,6FFI,SER ,654,25.76666666666667,-1.146551252118968,-0.47031137099306203,-1.3592596414334883,87.0788,0.0,1,12,0.365861863039
MGLUR5,4OO9,6FFI,PRO ,655,23.117142857142856,-1.3592596414334883,-1.146551252118968,-1.2956076881249556,97.11764000000001,0.0,1,12,0.164004525348
MGLUR5,4OO9,6FFI,SER ,658,32.83833333333333,-0.5788255268286596,-0.45877087044951015,-0.1580822925191205,87.0788,0.27554005815903476,0,12,0.142174353397
MGLUR5,4OO9,6FFI,TYR ,659,38.07916666666666,-0.1580822925191205,-0.5788255268286596,0.017935428814700984,163.17758,0.8164644233727036,1,12,0.449363960292
MGLUR5,4OO9,6FFI,VAL ,740,23.545714285714286,-1.3248531801856327,-0.9538081676785511,-1.2722112944764135,99.13358000000001,6.826395121877333,1,12,0.192733264811
MGLUR5,4OO9,6FFI,PRO ,743,32.69285714285714,-0.590504608952237,-1.012213135646786,-1.2180354540365612,97.11764000000001,2.6070000170369796,1,12,0.780763676769
MGLUR5,4OO9,6FFI,LEU ,744,24.876250000000002,-1.2180354540365612,-0.590504608952237,-1.296811914268631,113.16067000000001,4.2236509304246175,1,12,0.799085799113
MGLUR5,4OO9,6FFI,ASN ,747,30.105000000000004,-0.7982622907872041,-1.244294274113918,-0.7504946537547651,114.10462,0.0,1,12,0.268893926036
MGLUR5,4OO9,6FFI,ILE ,751,23.11625,-1.3593313215610878,-1.3726781613201517,-0.3501898131614863,113.16067000000001,3.219886493486877,1,12,0.163604853907
MGLUR5,4OO9,6FFI,THR ,781,27.942857142857143,-0.9718428877826354,-0.5844261341317827,-1.0837976897430186,101.10589,0.0,1,12,0.303939547927
MGLUR5,4OO9,6FFI,ILE ,784,22.372500000000002,-1.419040867851637,-1.2155266495705714,-1.6987367257456625,113.16067000000001,19.144632889163383,1,12,0.782805228208
MGLUR5,4OO9,6FFI,TRP ,785,18.888571428571428,-1.6987367257456625,-1.419040867851637,-1.0366990672348428,186.21514999999994,60.134065769189846,1,12,5.26195149852
MGLUR5,4OO9,6FFI,PHE ,788,35.094545454545454,-0.3976928853593305,-0.8140777941408022,-1.1142856373487573,147.17818,6.188591918979901,1,12,0.300654402746
MGLUR5,4OO9,6FFI,MET ,802,27.165,-1.034290614947493,-0.6038084406347413,-1.0470018909085066,131.19758,5.9879148600766925,1,12,0.196987087512
MGLUR5,4OO9,6FFI,SER ,805,26.875,-1.0575723203918754,-0.154512187739639,-1.4294488223791133,87.0788,13.311310383135055,1,12,1.56865937335
MGLUR5,4OO9,6FFI,VAL ,806,22.242857142857144,-1.4294488223791133,-1.0575723203918754,-1.4407838398902129,99.13358000000001,0.0,1,12,0.270641827965
MGLUR5,4OO9,6FFI,SER ,809,30.488333333333333,-0.7674876226710671,-1.1647484471789453,-1.0855906486680458,87.0788,0.0,1,12,1.57956154055
MGLUR5,4OO9,6FFI,ALA ,810,26.526,-1.0855906486680458,-0.7674876226710671,-1.2454889429072462,71.0794,0.0,1,12,0.339935497243
MGLUR5,4OO9,6FFI,ALA ,813,28.637999999999998,-0.9160356076386139,-0.8878911223378683,-1.1356463153734677,71.0794,0.4266406135140602,1,12,0.317320352576
MGLUR5,5CGC,4OO9,GLY ,624,33.3525,-1.2726997806504055,-1.0016354259349496,-1.2787083811297495,57.052310000000006,0.0,1,7,0.164255393507
MGLUR5,5CGC,4OO9,ILE ,625,33.283750000000005,-1.2787083811297495,-1.2726997806504055,-1.1196807551097603,113.16067000000001,0.0,1,7,0.115679688193
MGLUR5,5CGC,4OO9,GLY ,628,37.35,-0.9233269745968711,-0.9037717112186411,-1.36672527421203,57.052310000000006,0.0,1,7,0.160653139537
MGLUR5,5CGC,4OO9,CYS ,631,46.050000000000004,-0.1629658957561586,-1.092114024425736,-0.15497523745635525,103.14340000000001,0.6401981441441859,0,7,0.143693413855
MGLUR5,5CGC,4OO9,GLY ,650,45.832499999999996,-0.18197492272717714,0.4004223346434897,-0.5171455821931686,57.052310000000006,9.203376186294005,1,7,0.0765243875404
MGLUR5,5CGC,4OO9,ILE ,651,41.9975,-0.5171455821931686,-0.18197492272717714,-0.8724177414446053,113.16067000000001,13.918595772160332,1,7,0.123078068301
MGLUR5,5CGC,4OO9,GLY ,652,37.9325,-0.8724177414446053,-0.5171455821931686,-0.35567810022096025,57.052310000000006,1.5854793463211405,1,7,0.187281952339
MGLUR5,5CGC,4OO9,SER ,654,36.67333333333333,-0.9824661696178155,-0.35567810022096025,-1.1511855901772161,87.0788,0.04458132110400152,1,7,1.28145854688
MGLUR5,5CGC,4OO9,PRO ,655,34.74285714285714,-1.1511855901772161,-0.9824661696178155,-1.1933862543230553,97.11764000000001,0.0,1,7,0.240141039095
MGLUR5,5CGC,4OO9,SER ,658,31.179999999999996,-1.4625715557976984,-1.0182628621705174,-1.0866152445931234,87.0788,0.12231364058024138,0,7,0.149673702206
MGLUR5,5CGC,4OO9,TYR ,659,35.48166666666667,-1.0866152445931234,-1.4625715557976984,-1.1105039834685788,163.17758,0.24819847316011467,1,7,0.240037344747
MGLUR5,5CGC,4OO9,VAL ,740,42.96142857142858,-0.43290032144640805,-0.3583000349755829,-0.9615323095928086,99.13358000000001,11.559215369801853,1,7,0.178567711993
MGLUR5,5CGC,4OO9,PRO ,743,35.721428571428575,-1.0656605755621273,-0.9191318789894739,-0.8882585972537868,97.11764000000001,6.493188665690269,1,7,0.190441544005
MGLUR5,5CGC,4OO9,LEU ,744,37.75125,-0.8882585972537868,-1.0656605755621273,-1.4055444748846446,113.16067000000001,14.029257128205336,1,7,0.172613427056
MGLUR5,5CGC,4OO9,ASN ,747,34.18,-1.2003780803353836,-1.3896672033149815,-1.203437004215777,114.10462,0.4403621466445904,1,7,1.48269270838
MGLUR5,5CGC,4OO9,ILE ,751,33.165,-1.2890868728668001,-1.3243737447727695,-0.7597837942772526,113.16067000000001,3.7605097653931607,1,7,0.172943213552
MGLUR5,5CGC,4OO9,THR ,781,32.89714285714286,-1.3124970046045064,-1.0890082802818675,-1.1375973092663516,101.10589,0.0,1,7,0.291711033841
MGLUR5,5CGC,4OO9,ILE ,784,31.89875,-1.3997543689681853,-0.9946654493789094,-0.9413059557714292,113.16067000000001,22.53289098903692,1,7,0.47859846273
MGLUR5,5CGC,4OO9,TRP ,785,37.14428571428572,-0.9413059557714292,-1.3997543689681853,-0.6154681354915367,186.21514999999994,13.029706091018031,1,7,5.40602875465
MGLUR5,5CGC,4OO9,PHE ,788,42.31363636363636,-0.48951595155922356,-0.49070774008405244,-0.21665313120796584,147.17818,1.5863298248451154,1,7,0.261357116499
MGLUR5,5CGC,4OO9,MET ,802,41.53125,-0.5578948181712703,-0.7442862870668913,-0.7893169760272438,131.19758,6.044774712732031,1,7,0.357901213104
MGLUR5,5CGC,4OO9,SER ,805,38.295,-0.840736029826242,-0.4304032407277196,-0.7578953769837443,87.0788,17.92424930443723,1,7,1.62235300558
MGLUR5,5CGC,4OO9,VAL ,806,39.24285714285714,-0.7578953769837443,-0.840736029826242,-1.2697136882909736,99.13358000000001,0.0,1,7,0.906324340401
MGLUR5,5CGC,4OO9,SER ,809,37.98333333333333,-0.8679750186659386,-1.5582721743414432,-1.0837893815798074,87.0788,0.0,1,7,1.53895873144
MGLUR5,5CGC,4OO9,ALA ,810,35.514,-1.0837893815798074,-0.8679750186659386,-1.328478321204115,71.0794,0.0,1,7,0.377530674037
MGLUR5,5CGC,4OO9,ALA ,813,42.43600000000001,-0.4788216358630933,-1.031825131823896,-0.5011954791025448,71.0794,0.07638931750762991,1,7,0.446032279831
MGLUR5,5CGC,5CGD,ILE ,621,33.03875,-1.3001208482925057,-0.9630929850419893,-0.935125680992675,113.16067000000001,1.7099904377421364,1,15,0.106265010826
MGLUR5,5CGC,5CGD,GLY ,624,33.3525,-1.2726997806504055,-1.0016354259349496,-1.2787083811297495,57.052310000000006,0.0,1,15,0.104405031136
MGLUR5,5CGC,5CGD,ILE ,625,33.283750000000005,-1.2787083811297495,-1.2726997806504055,-1.1196807551097603,113.16067000000001,0.0,1,15,0.0845345234748
MGLUR5,5CGC,5CGD,GLY ,628,37.35,-0.9233269745968711,-0.9037717112186411,-1.36672527421203,57.052310000000006,0.0,1,15,0.13090918237
MGLUR5,5CGC,5CGD,CYS ,631,46.050000000000004,-0.1629658957561586,-1.092114024425736,-0.15497523745635525,103.14340000000001,0.6401981441441859,0,15,0.0666455808744
MGLUR5,5CGC,5CGD,GLY ,650,45.832499999999996,-0.18197492272717714,0.4004223346434897,-0.5171455821931686,57.052310000000006,9.203376186294005,1,15,0.187084280593
MGLUR5,5CGC,5CGD,ILE ,651,41.9975,-0.5171455821931686,-0.18197492272717714,-0.8724177414446053,113.16067000000001,13.918595772160332,1,15,0.148603479933
MGLUR5,5CGC,5CGD,SER ,654,36.67333333333333,-0.9824661696178155,-0.35567810022096025,-1.1511855901772161,87.0788,0.04458132110400152,1,15,0.130084058631
MGLUR5,5CGC,5CGD,PRO ,655,34.74285714285714,-1.1511855901772161,-0.9824661696178155,-1.1933862543230553,97.11764000000001,0.0,1,15,0.114138228239
MGLUR5,5CGC,5CGD,SER ,658,31.179999999999996,-1.4625715557976984,-1.0182628621705174,-1.0866152445931234,87.0788,0.12231364058024138,0,15,0.382041775352
MGLUR5,5CGC,5CGD,TYR ,659,35.48166666666667,-1.0866152445931234,-1.4625715557976984,-1.1105039834685788,163.17758,0.24819847316011467,1,15,0.475576747521
MGLUR5,5CGC,5CGD,VAL ,740,42.96142857142858,-0.43290032144640805,-0.3583000349755829,-0.9615323095928086,99.13358000000001,11.559215369801853,1,15,0.244167952074
MGLUR5,5CGC,5CGD,LEU ,744,37.75125,-0.8882585972537868,-1.0656605755621273,-1.4055444748846446,113.16067000000001,14.029257128205336,1,15,0.118156565293
MGLUR5,5CGC,5CGD,ILE ,784,31.89875,-1.3997543689681853,-0.9946654493789094,-0.9413059557714292,113.16067000000001,22.53289098903692,1,15,0.0750983090222
MGLUR5,5CGC,5CGD,TRP ,785,37.14428571428572,-0.9413059557714292,-1.3997543689681853,-0.6154681354915367,186.21514999999994,13.029706091018031,1,15,0.145570907558
MGLUR5,5CGC,5CGD,PHE ,788,42.31363636363636,-0.48951595155922356,-0.49070774008405244,-0.21665313120796584,147.17818,1.5863298248451154,1,15,0.151925548698
MGLUR5,5CGC,5CGD,MET ,802,41.53125,-0.5578948181712703,-0.7442862870668913,-0.7893169760272438,131.19758,6.044774712732031,1,15,0.141627021609
MGLUR5,5CGC,5CGD,SER ,805,38.295,-0.840736029826242,-0.4304032407277196,-0.7578953769837443,87.0788,17.92424930443723,1,15,0.259153288281
MGLUR5,5CGC,5CGD,VAL ,806,39.24285714285714,-0.7578953769837443,-0.840736029826242,-1.2697136882909736,99.13358000000001,0.0,1,15,0.192200335925
MGLUR5,5CGC,5CGD,SER ,809,37.98333333333333,-0.8679750186659386,-1.5582721743414432,-1.0837893815798074,87.0788,0.0,1,15,0.146874653004
MGLUR5,5CGC,5CGD,ALA ,810,35.514,-1.0837893815798074,-0.8679750186659386,-1.328478321204115,71.0794,0.0,1,15,0.0883551614248
MGLUR5,5CGC,5CGD,ALA ,813,42.43600000000001,-0.4788216358630933,-1.031825131823896,-0.5011954791025448,71.0794,0.07638931750762991,1,15,0.0969191378955
MGLUR5,5CGC,6FFH,GLY ,624,33.3525,-1.2726997806504055,-1.0016354259349496,-1.2787083811297495,57.052310000000006,0.0,1,7,0.177513922343
MGLUR5,5CGC,6FFH,ILE ,625,33.283750000000005,-1.2787083811297495,-1.2726997806504055,-1.1196807551097603,113.16067000000001,0.0,1,7,0.0980558892681
MGLUR5,5CGC,6FFH,GLY ,628,37.35,-0.9233269745968711,-0.9037717112186411,-1.36672527421203,57.052310000000006,0.0,1,7,0.239904206693
MGLUR5,5CGC,6FFH,CYS ,631,46.050000000000004,-0.1629658957561586,-1.092114024425736,-0.15497523745635525,103.14340000000001,0.6401981441441859,0,7,0.0988229517475
MGLUR5,5CGC,6FFH,GLY ,650,45.832499999999996,-0.18197492272717714,0.4004223346434897,-0.5171455821931686,57.052310000000006,9.203376186294005,1,7,0.0771785449174
MGLUR5,5CGC,6FFH,ILE ,651,41.9975,-0.5171455821931686,-0.18197492272717714,-0.8724177414446053,113.16067000000001,13.918595772160332,1,7,0.122055806924
MGLUR5,5CGC,6FFH,SER ,654,36.67333333333333,-0.9824661696178155,-0.35567810022096025,-1.1511855901772161,87.0788,0.04458132110400152,1,7,1.27498123375
MGLUR5,5CGC,6FFH,PRO ,655,34.74285714285714,-1.1511855901772161,-0.9824661696178155,-1.1933862543230553,97.11764000000001,0.0,1,7,0.271481745653
MGLUR5,5CGC,6FFH,SER ,658,31.179999999999996,-1.4625715557976984,-1.0182628621705174,-1.0866152445931234,87.0788,0.12231364058024138,0,7,0.166442995844
MGLUR5,5CGC,6FFH,TYR ,659,35.48166666666667,-1.0866152445931234,-1.4625715557976984,-1.1105039834685788,163.17758,0.24819847316011467,1,7,0.523242681014
MGLUR5,5CGC,6FFH,VAL ,740,42.96142857142858,-0.43290032144640805,-0.3583000349755829,-0.9615323095928086,99.13358000000001,11.559215369801853,1,7,0.216193031152
MGLUR5,5CGC,6FFH,LEU ,744,37.75125,-0.8882585972537868,-1.0656605755621273,-1.4055444748846446,113.16067000000001,14.029257128205336,1,7,0.755497604292
MGLUR5,5CGC,6FFH,ASN ,747,34.18,-1.2003780803353836,-1.3896672033149815,-1.203437004215777,114.10462,0.4403621466445904,1,7,1.56629360294
MGLUR5,5CGC,6FFH,ILE ,784,31.89875,-1.3997543689681853,-0.9946654493789094,-0.9413059557714292,113.16067000000001,22.53289098903692,1,7,0.24017381091
MGLUR5,5CGC,6FFH,TRP ,785,37.14428571428572,-0.9413059557714292,-1.3997543689681853,-0.6154681354915367,186.21514999999994,13.029706091018031,1,7,0.249359684379
MGLUR5,5CGC,6FFH,PHE ,788,42.31363636363636,-0.48951595155922356,-0.49070774008405244,-0.21665313120796584,147.17818,1.5863298248451154,1,7,0.207245616941
MGLUR5,5CGC,6FFH,MET ,802,41.53125,-0.5578948181712703,-0.7442862870668913,-0.7893169760272438,131.19758,6.044774712732031,1,7,0.286617314849
MGLUR5,5CGC,6FFH,SER ,805,38.295,-0.840736029826242,-0.4304032407277196,-0.7578953769837443,87.0788,17.92424930443723,1,7,0.407589527176
MGLUR5,5CGC,6FFH,VAL ,806,39.24285714285714,-0.7578953769837443,-0.840736029826242,-1.2697136882909736,99.13358000000001,0.0,1,7,0.801514385541
MGLUR5,5CGC,6FFH,SER ,809,37.98333333333333,-0.8679750186659386,-1.5582721743414432,-1.0837893815798074,87.0788,0.0,1,7,0.451885106764
MGLUR5,5CGC,6FFH,ALA ,810,35.514,-1.0837893815798074,-0.8679750186659386,-1.328478321204115,71.0794,0.0,1,7,0.223039211929
MGLUR5,5CGC,6FFH,ALA ,813,42.43600000000001,-0.4788216358630933,-1.031825131823896,-0.5011954791025448,71.0794,0.07638931750762991,1,7,0.221413551566
MGLUR5,5CGC,6FFI,GLY ,624,33.3525,-1.2726997806504055,-1.0016354259349496,-1.2787083811297495,57.052310000000006,0.0,1,7,0.243354837362
MGLUR5,5CGC,6FFI,ILE ,625,33.283750000000005,-1.2787083811297495,-1.2726997806504055,-1.1196807551097603,113.16067000000001,0.0,1,7,0.182455868065
MGLUR5,5CGC,6FFI,GLY ,628,37.35,-0.9233269745968711,-0.9037717112186411,-1.36672527421203,57.052310000000006,0.0,1,7,0.144397128165
MGLUR5,5CGC,6FFI,CYS ,631,46.050000000000004,-0.1629658957561586,-1.092114024425736,-0.15497523745635525,103.14340000000001,0.6401981441441859,0,7,0.162232592205
MGLUR5,5CGC,6FFI,GLY ,650,45.832499999999996,-0.18197492272717714,0.4004223346434897,-0.5171455821931686,57.052310000000006,9.203376186294005,1,7,0.265642133534
MGLUR5,5CGC,6FFI,ILE ,651,41.9975,-0.5171455821931686,-0.18197492272717714,-0.8724177414446053,113.16067000000001,13.918595772160332,1,7,0.228921196363
MGLUR5,5CGC,6FFI,SER ,654,36.67333333333333,-0.9824661696178155,-0.35567810022096025,-1.1511855901772161,87.0788,0.04458132110400152,1,7,1.34779227564
MGLUR5,5CGC,6FFI,PRO ,655,34.74285714285714,-1.1511855901772161,-0.9824661696178155,-1.1933862543230553,97.11764000000001,0.0,1,7,0.252477017927
MGLUR5,5CGC,6FFI,SER ,658,31.179999999999996,-1.4625715557976984,-1.0182628621705174,-1.0866152445931234,87.0788,0.12231364058024138,0,7,0.189069710412
MGLUR5,5CGC,6FFI,TYR ,659,35.48166666666667,-1.0866152445931234,-1.4625715557976984,-1.1105039834685788,163.17758,0.24819847316011467,1,7,0.486675948525
MGLUR5,5CGC,6FFI,VAL ,740,42.96142857142858,-0.43290032144640805,-0.3583000349755829,-0.9615323095928086,99.13358000000001,11.559215369801853,1,7,0.288414784337
MGLUR5,5CGC,6FFI,LEU ,744,37.75125,-0.8882585972537868,-1.0656605755621273,-1.4055444748846446,113.16067000000001,14.029257128205336,1,7,0.749333379198
MGLUR5,5CGC,6FFI,ILE ,784,31.89875,-1.3997543689681853,-0.9946654493789094,-0.9413059557714292,113.16067000000001,22.53289098903692,1,7,0.441313739051
MGLUR5,5CGC,6FFI,TRP ,785,37.14428571428572,-0.9413059557714292,-1.3997543689681853,-0.6154681354915367,186.21514999999994,13.029706091018031,1,7,0.196996183416
MGLUR5,5CGC,6FFI,PHE ,788,42.31363636363636,-0.48951595155922356,-0.49070774008405244,-0.21665313120796584,147.17818,1.5863298248451154,1,7,0.191074456737
MGLUR5,5CGC,6FFI,MET ,802,41.53125,-0.5578948181712703,-0.7442862870668913,-0.7893169760272438,131.19758,6.044774712732031,1,7,0.397557657364
MGLUR5,5CGC,6FFI,SER ,805,38.295,-0.840736029826242,-0.4304032407277196,-0.7578953769837443,87.0788,17.92424930443723,1,7,0.5542259767
MGLUR5,5CGC,6FFI,VAL ,806,39.24285714285714,-0.7578953769837443,-0.840736029826242,-1.2697136882909736,99.13358000000001,0.0,1,7,0.890900707587
MGLUR5,5CGC,6FFI,SER ,809,37.98333333333333,-0.8679750186659386,-1.5582721743414432,-1.0837893815798074,87.0788,0.0,1,7,0.156041304675
MGLUR5,5CGC,6FFI,ALA ,810,35.514,-1.0837893815798074,-0.8679750186659386,-1.328478321204115,71.0794,0.0,1,7,0.17053121857
MGLUR5,5CGC,6FFI,ALA ,813,42.43600000000001,-0.4788216358630933,-1.031825131823896,-0.5011954791025448,71.0794,0.07638931750762991,1,7,0.221767504768
MGLUR5,5CGD,4OO9,ILE ,621,26.665,-0.9942258551998633,-0.7587804557734888,-0.7618751639678418,113.16067000000001,2.642553975374541,1,7,0.102672832674
MGLUR5,5CGD,4OO9,GLY ,624,23.8425,-1.2737398993138236,-1.003435706786258,-1.1048926202299256,57.052310000000006,0.0,1,7,0.162406753208
MGLUR5,5CGD,4OO9,ILE ,625,25.5475,-1.1048926202299256,-1.2737398993138236,-0.6586769613801516,113.16067000000001,0.0,1,7,0.106863678087
MGLUR5,5CGD,4OO9,GLY ,628,26.112499999999997,-1.0489402960760241,-0.7009713067029751,-1.1866754421126937,57.052310000000006,0.0,1,7,0.256384145366
MGLUR5,5CGD,4OO9,CYS ,631,29.894999999999996,-0.6743568162315402,-0.9448343124179897,-0.5499318627717255,103.14340000000001,0.8109273283508633,1,7,0.16846748998
MGLUR5,5CGD,4OO9,GLY ,650,26.84,-0.9768954893114865,-0.6059018709724517,-0.9973205633942159,57.052310000000006,7.242470651173757,1,7,0.227023662272
MGLUR5,5CGD,4OO9,ILE ,651,26.633750000000003,-0.9973205633942159,-0.9768954893114865,-1.082115567919488,113.16067000000001,15.647224108604489,1,7,0.252996943229
MGLUR5,5CGD,4OO9,GLY ,652,25.777499999999996,-1.082115567919488,-0.9973205633942159,-0.8394904454822142,57.052310000000006,1.2885351175111859,1,7,0.248415454696
MGLUR5,5CGD,4OO9,SER ,654,25.791666666666668,-1.0807126335380475,-0.8394904454822142,-1.0953078668508434,87.0788,0.029566784070918294,1,7,1.28572335306
MGLUR5,5CGD,4OO9,PRO ,655,25.64428571428572,-1.0953078668508434,-1.0807126335380475,-1.2498239943878644,97.11764000000001,0.0,1,7,0.264252079546
MGLUR5,5CGD,4OO9,SER ,658,25.06833333333333,-1.152344812543338,-0.9787523142280984,-1.0387896531985457,87.0788,0.541101560737036,0,7,0.343702571397
MGLUR5,5CGD,4OO9,TYR ,659,26.215000000000003,-1.0387896531985457,-1.152344812543338,-0.8271941382566517,163.17758,1.7224863948320555,1,7,0.458259477916
MGLUR5,5CGD,4OO9,VAL ,740,30.200000000000006,-0.6441524642546541,-0.49684435420345324,-0.9668509507149585,99.13358000000001,11.469201205224827,1,7,0.108066221457
MGLUR5,5CGD,4OO9,PRO ,743,29.449999999999996,-0.7184254609191266,-0.8879659546385595,-0.7579139374790705,97.11764000000001,6.703841661034672,1,7,0.153150017013
MGLUR5,5CGD,4OO9,LEU ,744,29.051249999999996,-0.7579139374790705,-0.7184254609191266,-1.139553352006679,113.16067000000001,15.295969312492305,1,7,0.239889841961
MGLUR5,5CGD,4OO9,ASN ,747,25.75125,-1.0847151228027443,-1.33051747898622,-0.9016321860248221,114.10462,0.5781815236997697,1,7,0.268078257371
MGLUR5,5CGD,4OO9,ILE ,751,24.604999999999997,-1.1982290193716114,-1.2503439053645153,-0.7111219495804532,113.16067000000001,3.9447817604104527,1,7,0.166734282141
MGLUR5,5CGD,4OO9,THR ,781,27.884285714285713,-0.8734791834796227,-0.5285695342072776,-0.8303301092269293,101.10589,0.0,1,7,0.258648390477
MGLUR5,5CGD,4OO9,ILE ,784,23.656250000000004,-1.2921843601521672,-0.9026224926470152,-1.264013673560143,113.16067000000001,22.669843256441876,1,7,0.453395844612
MGLUR5,5CGD,4OO9,TRP ,785,23.940714285714286,-1.264013673560143,-1.2921843601521672,-0.8272354010325763,186.21514999999994,11.99330695697633,1,7,5.39780709208
MGLUR5,5CGD,4OO9,PHE ,788,26.315454545454546,-1.028841573039244,-1.0575064483579928,-0.6077940639827134,147.17818,1.969505614376049,1,7,0.239519062591
MGLUR5,5CGD,4OO9,MET ,802,26.333750000000002,-1.0270297620600044,-1.131524794748186,-1.1813938067943315,131.19758,5.974040163738918,1,7,0.293477352587
MGLUR5,5CGD,4OO9,SER ,805,24.183333333333334,-1.239986948607414,-0.3646159131720079,-1.3210977767108365,87.0788,16.241620513708618,1,7,1.62763215421
MGLUR5,5CGD,4OO9,VAL ,806,23.364285714285717,-1.3210977767108365,-1.239986948607414,-1.340007917448902,99.13358000000001,0.0,1,7,0.788378061268
MGLUR5,5CGD,4OO9,SER ,809,22.834999999999997,-1.3735132914997639,-1.2445258539591315,-1.1935745782473042,87.0788,0.0,1,7,1.54465746255
MGLUR5,5CGD,4OO9,ALA ,810,24.652,-1.1935745782473042,-1.3735132914997639,-0.9146476444879295,71.0794,0.0,1,7,0.395473570885
MGLUR5,5CGD,4OO9,ALA ,813,30.868000000000002,-0.5779999818921654,-0.862161393511703,-0.3500313974633487,71.0794,0.7075565304714868,1,7,0.390831339306
MGLUR5,5CGD,5CGC,ILE ,621,26.665,-0.9942258551998633,-0.7587804557734888,-0.7618751639678418,113.16067000000001,2.642553975374541,1,15,0.106265010826
MGLUR5,5CGD,5CGC,GLY ,624,23.8425,-1.2737398993138236,-1.003435706786258,-1.1048926202299256,57.052310000000006,0.0,1,15,0.104405031136
MGLUR5,5CGD,5CGC,ILE ,625,25.5475,-1.1048926202299256,-1.2737398993138236,-0.6586769613801516,113.16067000000001,0.0,1,15,0.0845345234748
MGLUR5,5CGD,5CGC,GLY ,628,26.112499999999997,-1.0489402960760241,-0.7009713067029751,-1.1866754421126937,57.052310000000006,0.0,1,15,0.13090918237
MGLUR5,5CGD,5CGC,CYS ,631,29.894999999999996,-0.6743568162315402,-0.9448343124179897,-0.5499318627717255,103.14340000000001,0.8109273283508633,1,15,0.0666455808744
MGLUR5,5CGD,5CGC,GLY ,650,26.84,-0.9768954893114865,-0.6059018709724517,-0.9973205633942159,57.052310000000006,7.242470651173757,1,15,0.187084280593
MGLUR5,5CGD,5CGC,ILE ,651,26.633750000000003,-0.9973205633942159,-0.9768954893114865,-1.082115567919488,113.16067000000001,15.647224108604489,1,15,0.148603479933
MGLUR5,5CGD,5CGC,SER ,654,25.791666666666668,-1.0807126335380475,-0.8394904454822142,-1.0953078668508434,87.0788,0.029566784070918294,1,15,0.130084058631
MGLUR5,5CGD,5CGC,PRO ,655,25.64428571428572,-1.0953078668508434,-1.0807126335380475,-1.2498239943878644,97.11764000000001,0.0,1,15,0.114138228239
MGLUR5,5CGD,5CGC,SER ,658,25.06833333333333,-1.152344812543338,-0.9787523142280984,-1.0387896531985457,87.0788,0.541101560737036,0,15,0.382041775352
MGLUR5,5CGD,5CGC,TYR ,659,26.215000000000003,-1.0387896531985457,-1.152344812543338,-0.8271941382566517,163.17758,1.7224863948320555,1,15,0.475576747521
MGLUR5,5CGD,5CGC,VAL ,740,30.200000000000006,-0.6441524642546541,-0.49684435420345324,-0.9668509507149585,99.13358000000001,11.469201205224827,1,15,0.244167952074
MGLUR5,5CGD,5CGC,LEU ,744,29.051249999999996,-0.7579139374790705,-0.7184254609191266,-1.139553352006679,113.16067000000001,15.295969312492305,1,15,0.118156565293
MGLUR5,5CGD,5CGC,ILE ,784,23.656250000000004,-1.2921843601521672,-0.9026224926470152,-1.264013673560143,113.16067000000001,22.669843256441876,1,15,0.0750983090222
MGLUR5,5CGD,5CGC,TRP ,785,23.940714285714286,-1.264013673560143,-1.2921843601521672,-0.8272354010325763,186.21514999999994,11.99330695697633,1,15,0.145570907558
MGLUR5,5CGD,5CGC,PHE ,788,26.315454545454546,-1.028841573039244,-1.0575064483579928,-0.6077940639827134,147.17818,1.969505614376049,1,15,0.151925548698
MGLUR5,5CGD,5CGC,MET ,802,26.333750000000002,-1.0270297620600044,-1.131524794748186,-1.1813938067943315,131.19758,5.974040163738918,1,15,0.141627021609
MGLUR5,5CGD,5CGC,SER ,805,24.183333333333334,-1.239986948607414,-0.3646159131720079,-1.3210977767108365,87.0788,16.241620513708618,1,15,0.259153288281
MGLUR5,5CGD,5CGC,VAL ,806,23.364285714285717,-1.3210977767108365,-1.239986948607414,-1.340007917448902,99.13358000000001,0.0,1,15,0.192200335925
MGLUR5,5CGD,5CGC,SER ,809,22.834999999999997,-1.3735132914997639,-1.2445258539591315,-1.1935745782473042,87.0788,0.0,1,15,0.146874653004
MGLUR5,5CGD,5CGC,ALA ,810,24.652,-1.1935745782473042,-1.3735132914997639,-0.9146476444879295,71.0794,0.0,1,15,0.0883551614248
MGLUR5,5CGD,5CGC,ALA ,813,30.868000000000002,-0.5779999818921654,-0.862161393511703,-0.3500313974633487,71.0794,0.7075565304714868,1,15,0.0969191378955
MGLUR5,5CGD,6FFH,ILE ,621,26.665,-0.9942258551998633,-0.7587804557734888,-0.7618751639678418,113.16067000000001,2.642553975374541,1,7,0.103625268541
MGLUR5,5CGD,6FFH,GLY ,624,23.8425,-1.2737398993138236,-1.003435706786258,-1.1048926202299256,57.052310000000006,0.0,1,7,0.163705671022
MGLUR5,5CGD,6FFH,ILE ,625,25.5475,-1.1048926202299256,-1.2737398993138236,-0.6586769613801516,113.16067000000001,0.0,1,7,0.135835801108
MGLUR5,5CGD,6FFH,GLY ,628,26.112499999999997,-1.0489402960760241,-0.7009713067029751,-1.1866754421126937,57.052310000000006,0.0,1,7,0.318953972063
MGLUR5,5CGD,6FFH,CYS ,631,29.894999999999996,-0.6743568162315402,-0.9448343124179897,-0.5499318627717255,103.14340000000001,0.8109273283508633,1,7,0.108689905582
MGLUR5,5CGD,6FFH,GLY ,650,26.84,-0.9768954893114865,-0.6059018709724517,-0.9973205633942159,57.052310000000006,7.242470651173757,1,7,0.17668282492
MGLUR5,5CGD,6FFH,ILE ,651,26.633750000000003,-0.9973205633942159,-0.9768954893114865,-1.082115567919488,113.16067000000001,15.647224108604489,1,7,0.216152264124
MGLUR5,5CGD,6FFH,SER ,654,25.791666666666668,-1.0807126335380475,-0.8394904454822142,-1.0953078668508434,87.0788,0.029566784070918294,1,7,1.28291503592
MGLUR5,5CGD,6FFH,PRO ,655,25.64428571428572,-1.0953078668508434,-1.0807126335380475,-1.2498239943878644,97.11764000000001,0.0,1,7,0.284355486164
MGLUR5,5CGD,6FFH,SER ,658,25.06833333333333,-1.152344812543338,-0.9787523142280984,-1.0387896531985457,87.0788,0.541101560737036,0,7,0.386330195982
MGLUR5,5CGD,6FFH,TYR ,659,26.215000000000003,-1.0387896531985457,-1.152344812543338,-0.8271941382566517,163.17758,1.7224863948320555,1,7,0.158900518898
MGLUR5,5CGD,6FFH,VAL ,740,30.200000000000006,-0.6441524642546541,-0.49684435420345324,-0.9668509507149585,99.13358000000001,11.469201205224827,1,7,0.151383782275
MGLUR5,5CGD,6FFH,LEU ,744,29.051249999999996,-0.7579139374790705,-0.7184254609191266,-1.139553352006679,113.16067000000001,15.295969312492305,1,7,0.767421730769
MGLUR5,5CGD,6FFH,ASN ,747,25.75125,-1.0847151228027443,-1.33051747898622,-0.9016321860248221,114.10462,0.5781815236997697,1,7,0.201293491314
MGLUR5,5CGD,6FFH,ILE ,784,23.656250000000004,-1.2921843601521672,-0.9026224926470152,-1.264013673560143,113.16067000000001,22.669843256441876,1,7,0.223110260895
MGLUR5,5CGD,6FFH,TRP ,785,23.940714285714286,-1.264013673560143,-1.2921843601521672,-0.8272354010325763,186.21514999999994,11.99330695697633,1,7,0.280086189518
MGLUR5,5CGD,6FFH,PHE ,788,26.315454545454546,-1.028841573039244,-1.0575064483579928,-0.6077940639827134,147.17818,1.969505614376049,1,7,0.140326053374
MGLUR5,5CGD,6FFH,MET ,802,26.333750000000002,-1.0270297620600044,-1.131524794748186,-1.1813938067943315,131.19758,5.974040163738918,1,7,0.202579963607
MGLUR5,5CGD,6FFH,SER ,805,24.183333333333334,-1.239986948607414,-0.3646159131720079,-1.3210977767108365,87.0788,16.241620513708618,1,7,0.295359855573
MGLUR5,5CGD,6FFH,VAL ,806,23.364285714285717,-1.3210977767108365,-1.239986948607414,-1.340007917448902,99.13358000000001,0.0,1,7,0.696157316994
MGLUR5,5CGD,6FFH,SER ,809,22.834999999999997,-1.3735132914997639,-1.2445258539591315,-1.1935745782473042,87.0788,0.0,1,7,0.513491932227
MGLUR5,5CGD,6FFH,ALA ,810,24.652,-1.1935745782473042,-1.3735132914997639,-0.9146476444879295,71.0794,0.0,1,7,0.234927081141
MGLUR5,5CGD,6FFH,ALA ,813,30.868000000000002,-0.5779999818921654,-0.862161393511703,-0.3500313974633487,71.0794,0.7075565304714868,1,7,0.190754378425
MGLUR5,5CGD,6FFI,ILE ,621,26.665,-0.9942258551998633,-0.7587804557734888,-0.7618751639678418,113.16067000000001,2.642553975374541,1,7,0.135262995804
MGLUR5,5CGD,6FFI,GLY ,624,23.8425,-1.2737398993138236,-1.003435706786258,-1.1048926202299256,57.052310000000006,0.0,1,7,0.222704574741
MGLUR5,5CGD,6FFI,ILE ,625,25.5475,-1.1048926202299256,-1.2737398993138236,-0.6586769613801516,113.16067000000001,0.0,1,7,0.208196327048
MGLUR5,5CGD,6FFI,GLY ,628,26.112499999999997,-1.0489402960760241,-0.7009713067029751,-1.1866754421126937,57.052310000000006,0.0,1,7,0.22792127038
MGLUR5,5CGD,6FFI,CYS ,631,29.894999999999996,-0.6743568162315402,-0.9448343124179897,-0.5499318627717255,103.14340000000001,0.8109273283508633,1,7,0.170351789779
MGLUR5,5CGD,6FFI,GLY ,650,26.84,-0.9768954893114865,-0.6059018709724517,-0.9973205633942159,57.052310000000006,7.242470651173757,1,7,0.0998094647394
MGLUR5,5CGD,6FFI,ILE ,651,26.633750000000003,-0.9973205633942159,-0.9768954893114865,-1.082115567919488,113.16067000000001,15.647224108604489,1,7,0.176723023279
MGLUR5,5CGD,6FFI,SER ,654,25.791666666666668,-1.0807126335380475,-0.8394904454822142,-1.0953078668508434,87.0788,0.029566784070918294,1,7,1.32547327722
MGLUR5,5CGD,6FFI,PRO ,655,25.64428571428572,-1.0953078668508434,-1.0807126335380475,-1.2498239943878644,97.11764000000001,0.0,1,7,0.2401841357
MGLUR5,5CGD,6FFI,SER ,658,25.06833333333333,-1.152344812543338,-0.9787523142280984,-1.0387896531985457,87.0788,0.541101560737036,0,7,0.234765499816
MGLUR5,5CGD,6FFI,TYR ,659,26.215000000000003,-1.0387896531985457,-1.152344812543338,-0.8271941382566517,163.17758,1.7224863948320555,1,7,0.277308132608
MGLUR5,5CGD,6FFI,VAL ,740,30.200000000000006,-0.6441524642546541,-0.49684435420345324,-0.9668509507149585,99.13358000000001,11.469201205224827,1,7,0.172980084101
MGLUR5,5CGD,6FFI,LEU ,744,29.051249999999996,-0.7579139374790705,-0.7184254609191266,-1.139553352006679,113.16067000000001,15.295969312492305,1,7,0.759863501919
MGLUR5,5CGD,6FFI,ILE ,784,23.656250000000004,-1.2921843601521672,-0.9026224926470152,-1.264013673560143,113.16067000000001,22.669843256441876,1,7,0.410877770292
MGLUR5,5CGD,6FFI,TRP ,785,23.940714285714286,-1.264013673560143,-1.2921843601521672,-0.8272354010325763,186.21514999999994,11.99330695697633,1,7,0.243451987495
MGLUR5,5CGD,6FFI,PHE ,788,26.315454545454546,-1.028841573039244,-1.0575064483579928,-0.6077940639827134,147.17818,1.969505614376049,1,7,0.137919654989
MGLUR5,5CGD,6FFI,MET ,802,26.333750000000002,-1.0270297620600044,-1.131524794748186,-1.1813938067943315,131.19758,5.974040163738918,1,7,0.294811563551
MGLUR5,5CGD,6FFI,SER ,805,24.183333333333334,-1.239986948607414,-0.3646159131720079,-1.3210977767108365,87.0788,16.241620513708618,1,7,0.35826163176
MGLUR5,5CGD,6FFI,VAL ,806,23.364285714285717,-1.3210977767108365,-1.239986948607414,-1.340007917448902,99.13358000000001,0.0,1,7,0.778554221903
MGLUR5,5CGD,6FFI,SER ,809,22.834999999999997,-1.3735132914997639,-1.2445258539591315,-1.1935745782473042,87.0788,0.0,1,7,0.182338952065
MGLUR5,5CGD,6FFI,ALA ,810,24.652,-1.1935745782473042,-1.3735132914997639,-0.9146476444879295,71.0794,0.0,1,7,0.204546404457
MGLUR5,5CGD,6FFI,ALA ,813,30.868000000000002,-0.5779999818921654,-0.862161393511703,-0.3500313974633487,71.0794,0.7075565304714868,1,7,0.174557215831
MGLUR5,6FFH,4OO9,GLY ,624,34.815,-0.9140460305853035,-0.8426092634362969,-0.8844735227270607,57.052310000000006,0.0,1,6,0.0798343267971
MGLUR5,6FFH,4OO9,ILE ,625,35.32625,-0.8844735227270607,-0.9140460305853035,-0.5557053241172097,113.16067000000001,0.0,1,6,0.0756954114955
MGLUR5,6FFH,4OO9,GLY ,628,36.455000000000005,-0.8191826312943146,-0.3854284145666925,-1.2220628606002504,57.052310000000006,0.0,1,6,0.109355016518
MGLUR5,6FFH,4OO9,ILE ,651,35.81375,-0.856274798852453,-0.823087069984645,-0.9066709797257904,113.16067000000001,17.126766455605985,1,6,0.190169894282
MGLUR5,6FFH,4OO9,GLY ,652,34.9425,-0.9066709797257904,-0.856274798852453,-0.7845488140226815,57.052310000000006,1.5154733265751072,1,6,0.201052796522
MGLUR5,6FFH,4OO9,SER ,654,34.843333333333334,-0.9124071303943005,-0.7845488140226815,-0.9482976673502116,87.0788,0.0,1,6,0.0840157806221
MGLUR5,6FFH,4OO9,PRO ,655,34.222857142857144,-0.9482976673502116,-0.9124071303943005,-0.9114430714584165,97.11764000000001,0.0,1,6,0.185772598096
MGLUR5,6FFH,4OO9,SER ,658,32.296666666666674,-1.0597153357973799,-0.8819428680203649,-0.9203124136685498,87.0788,0.5745895447573225,1,6,0.149044715745
MGLUR5,6FFH,4OO9,TYR ,659,34.70666666666666,-0.9203124136685498,-1.0597153357973799,-0.9862540448830174,163.17758,1.2896455540583496,1,6,0.441379004763
MGLUR5,6FFH,4OO9,VAL ,740,33.20857142857143,-1.006967539734011,-0.7263437557686827,-0.938629533450346,99.13358000000001,10.629693814109988,1,6,0.120321532094
MGLUR5,6FFH,4OO9,PRO ,743,33.70428571428572,-0.9782936725267174,-0.8290738759764846,-0.8171581075289583,97.11764000000001,6.39145793409841,1,6,0.233176443536
MGLUR5,6FFH,4OO9,LEU ,744,36.49,-0.8171581075289583,-0.9782936725267174,-0.8670481574609571,113.16067000000001,14.468988352094021,1,6,0.810485077811
MGLUR5,6FFH,4OO9,ASN ,747,35.405,-0.8799183442550087,-0.9642252981980672,-0.9831690562881881,114.10462,0.40685311277722863,1,6,0.284785334692
MGLUR5,6FFH,4OO9,ILE ,751,32.37625,-1.0551119543785341,-1.231173217544355,-0.4758812442260119,113.16067000000001,2.9433396071657523,1,6,0.183226482082
MGLUR5,6FFH,4OO9,THR ,781,37.26142857142857,-0.7725359510680407,-0.5187680946023386,-0.7520841293567863,101.10589,0.0,1,6,0.266421655109
MGLUR5,6FFH,4OO9,ILE ,784,34.247499999999995,-0.9468722373521549,-0.6139826867913993,-1.250158292446014,113.16067000000001,27.154245025228768,1,6,0.607987353317
MGLUR5,6FFH,4OO9,TRP ,785,29.004285714285714,-1.250158292446014,-0.9468722373521549,-0.8509242717582965,186.21514999999994,14.394359749718681,1,6,5.19286391005
MGLUR5,6FFH,4OO9,PHE ,788,38.41181818181818,-0.7059933480493857,-0.633447036706898,-0.5657039925093782,147.17818,3.0426746080922946,1,6,0.339641970499
MGLUR5,6FFH,4OO9,MET ,802,42.1675,-0.48875143102006396,-0.16807099826875366,-0.8179293546776656,131.19758,5.960619979666346,1,6,0.181064638175
MGLUR5,6FFH,4OO9,SER ,805,29.70333333333333,-1.2097229062209354,-0.6918479742083233,-1.3833636928441615,87.0788,17.677254022824332,1,6,1.52715217594
MGLUR5,6FFH,4OO9,VAL ,806,26.701428571428572,-1.3833636928441615,-1.2097229062209354,-1.3337008853756216,99.13358000000001,0.0,1,6,0.233590108125
MGLUR5,6FFH,4OO9,SER ,809,32.318333333333335,-1.0584620591807308,-1.1990700549794169,-0.9669728661653366,87.0788,0.0,1,6,1.43655380879
MGLUR5,6FFH,4OO9,ALA ,810,33.9,-0.9669728661653366,-1.0584620591807308,-0.8663251132590439,71.0794,0.0,1,6,0.271229015438
MGLUR5,6FFH,4OO9,ALA ,813,34.267999999999994,-0.9456864448610176,-0.9087161618969158,-0.879050691212713,71.0794,1.0631939641555057,1,6,0.406965193963
MGLUR5,6FFH,5CGC,GLY ,624,34.815,-0.9140460305853035,-0.8426092634362969,-0.8844735227270607,57.052310000000006,0.0,1,7,0.177513922343
MGLUR5,6FFH,5CGC,ILE ,625,35.32625,-0.8844735227270607,-0.9140460305853035,-0.5557053241172097,113.16067000000001,0.0,1,7,0.0980558892681
MGLUR5,6FFH,5CGC,GLY ,628,36.455000000000005,-0.8191826312943146,-0.3854284145666925,-1.2220628606002504,57.052310000000006,0.0,1,7,0.239904206693
MGLUR5,6FFH,5CGC,CYS ,631,34.25833333333333,-0.94624559904383,-0.9950269811995619,-0.6370994428468472,103.14340000000001,0.4066591951645293,0,7,0.0988229517475
MGLUR5,6FFH,5CGC,GLY ,650,36.3875,-0.823087069984645,-0.6204900846086163,-0.856274798852453,57.052310000000006,4.9479980651205935,1,7,0.0771785449174
MGLUR5,6FFH,5CGC,ILE ,651,35.81375,-0.856274798852453,-0.823087069984645,-0.9066709797257904,113.16067000000001,17.126766455605985,1,7,0.122055806924
MGLUR5,6FFH,5CGC,SER ,654,34.843333333333334,-0.9124071303943005,-0.7845488140226815,-0.9482976673502116,87.0788,0.0,1,7,1.27498123375
MGLUR5,6FFH,5CGC,PRO ,655,34.222857142857144,-0.9482976673502116,-0.9124071303943005,-0.9114430714584165,97.11764000000001,0.0,1,7,0.271481745653
MGLUR5,6FFH,5CGC,SER ,658,32.296666666666674,-1.0597153357973799,-0.8819428680203649,-0.9203124136685498,87.0788,0.5745895447573225,1,7,0.166442995844
MGLUR5,6FFH,5CGC,TYR ,659,34.70666666666666,-0.9203124136685498,-1.0597153357973799,-0.9862540448830174,163.17758,1.2896455540583496,1,7,0.523242681014
MGLUR5,6FFH,5CGC,VAL ,740,33.20857142857143,-1.006967539734011,-0.7263437557686827,-0.938629533450346,99.13358000000001,10.629693814109988,1,7,0.216193031152
MGLUR5,6FFH,5CGC,LEU ,744,36.49,-0.8171581075289583,-0.9782936725267174,-0.8670481574609571,113.16067000000001,14.468988352094021,1,7,0.755497604292
MGLUR5,6FFH,5CGC,ASN ,747,35.405,-0.8799183442550087,-0.9642252981980672,-0.9831690562881881,114.10462,0.40685311277722863,1,7,1.56629360294
MGLUR5,6FFH,5CGC,ILE ,784,34.247499999999995,-0.9468722373521549,-0.6139826867913993,-1.250158292446014,113.16067000000001,27.154245025228768,1,7,0.24017381091
MGLUR5,6FFH,5CGC,TRP ,785,29.004285714285714,-1.250158292446014,-0.9468722373521549,-0.8509242717582965,186.21514999999994,14.394359749718681,1,7,0.249359684379
MGLUR5,6FFH,5CGC,PHE ,788,38.41181818181818,-0.7059933480493857,-0.633447036706898,-0.5657039925093782,147.17818,3.0426746080922946,1,7,0.207245616941
MGLUR5,6FFH,5CGC,MET ,802,42.1675,-0.48875143102006396,-0.16807099826875366,-0.8179293546776656,131.19758,5.960619979666346,1,7,0.286617314849
MGLUR5,6FFH,5CGC,SER ,805,29.70333333333333,-1.2097229062209354,-0.6918479742083233,-1.3833636928441615,87.0788,17.677254022824332,1,7,0.407589527176
MGLUR5,6FFH,5CGC,VAL ,806,26.701428571428572,-1.3833636928441615,-1.2097229062209354,-1.3337008853756216,99.13358000000001,0.0,1,7,0.801514385541
MGLUR5,6FFH,5CGC,SER ,809,32.318333333333335,-1.0584620591807308,-1.1990700549794169,-0.9669728661653366,87.0788,0.0,1,7,0.451885106764
MGLUR5,6FFH,5CGC,ALA ,810,33.9,-0.9669728661653366,-1.0584620591807308,-0.8663251132590439,71.0794,0.0,1,7,0.223039211929
MGLUR5,6FFH,5CGC,ALA ,813,34.267999999999994,-0.9456864448610176,-0.9087161618969158,-0.879050691212713,71.0794,1.0631939641555057,1,7,0.221413551566
MGLUR5,6FFH,5CGD,ILE ,621,36.77875000000001,-0.800455786464767,-0.5571514125210357,-0.7972020875561594,113.16067000000001,0.08244630030202584,1,7,0.103625268541
MGLUR5,6FFH,5CGD,GLY ,624,34.815,-0.9140460305853035,-0.8426092634362969,-0.8844735227270607,57.052310000000006,0.0,1,7,0.163705671022
MGLUR5,6FFH,5CGD,ILE ,625,35.32625,-0.8844735227270607,-0.9140460305853035,-0.5557053241172097,113.16067000000001,0.0,1,7,0.135835801108
MGLUR5,6FFH,5CGD,GLY ,628,36.455000000000005,-0.8191826312943146,-0.3854284145666925,-1.2220628606002504,57.052310000000006,0.0,1,7,0.318953972063
MGLUR5,6FFH,5CGD,CYS ,631,34.25833333333333,-0.94624559904383,-0.9950269811995619,-0.6370994428468472,103.14340000000001,0.4066591951645293,0,7,0.108689905582
MGLUR5,6FFH,5CGD,GLY ,650,36.3875,-0.823087069984645,-0.6204900846086163,-0.856274798852453,57.052310000000006,4.9479980651205935,1,7,0.17668282492
MGLUR5,6FFH,5CGD,ILE ,651,35.81375,-0.856274798852453,-0.823087069984645,-0.9066709797257904,113.16067000000001,17.126766455605985,1,7,0.216152264124
MGLUR5,6FFH,5CGD,SER ,654,34.843333333333334,-0.9124071303943005,-0.7845488140226815,-0.9482976673502116,87.0788,0.0,1,7,1.28291503592
MGLUR5,6FFH,5CGD,PRO ,655,34.222857142857144,-0.9482976673502116,-0.9124071303943005,-0.9114430714584165,97.11764000000001,0.0,1,7,0.284355486164
MGLUR5,6FFH,5CGD,SER ,658,32.296666666666674,-1.0597153357973799,-0.8819428680203649,-0.9203124136685498,87.0788,0.5745895447573225,1,7,0.386330195982
MGLUR5,6FFH,5CGD,TYR ,659,34.70666666666666,-0.9203124136685498,-1.0597153357973799,-0.9862540448830174,163.17758,1.2896455540583496,1,7,0.158900518898
MGLUR5,6FFH,5CGD,VAL ,740,33.20857142857143,-1.006967539734011,-0.7263437557686827,-0.938629533450346,99.13358000000001,10.629693814109988,1,7,0.151383782275
MGLUR5,6FFH,5CGD,LEU ,744,36.49,-0.8171581075289583,-0.9782936725267174,-0.8670481574609571,113.16067000000001,14.468988352094021,1,7,0.767421730769
MGLUR5,6FFH,5CGD,ASN ,747,35.405,-0.8799183442550087,-0.9642252981980672,-0.9831690562881881,114.10462,0.40685311277722863,1,7,0.201293491314
MGLUR5,6FFH,5CGD,ILE ,784,34.247499999999995,-0.9468722373521549,-0.6139826867913993,-1.250158292446014,113.16067000000001,27.154245025228768,1,7,0.223110260895
MGLUR5,6FFH,5CGD,TRP ,785,29.004285714285714,-1.250158292446014,-0.9468722373521549,-0.8509242717582965,186.21514999999994,14.394359749718681,1,7,0.280086189518
MGLUR5,6FFH,5CGD,PHE ,788,38.41181818181818,-0.7059933480493857,-0.633447036706898,-0.5657039925093782,147.17818,3.0426746080922946,1,7,0.140326053374
MGLUR5,6FFH,5CGD,MET ,802,42.1675,-0.48875143102006396,-0.16807099826875366,-0.8179293546776656,131.19758,5.960619979666346,1,7,0.202579963607
MGLUR5,6FFH,5CGD,SER ,805,29.70333333333333,-1.2097229062209354,-0.6918479742083233,-1.3833636928441615,87.0788,17.677254022824332,1,7,0.295359855573
MGLUR5,6FFH,5CGD,VAL ,806,26.701428571428572,-1.3833636928441615,-1.2097229062209354,-1.3337008853756216,99.13358000000001,0.0,1,7,0.696157316994
MGLUR5,6FFH,5CGD,SER ,809,32.318333333333335,-1.0584620591807308,-1.1990700549794169,-0.9669728661653366,87.0788,0.0,1,7,0.513491932227
MGLUR5,6FFH,5CGD,ALA ,810,33.9,-0.9669728661653366,-1.0584620591807308,-0.8663251132590439,71.0794,0.0,1,7,0.234927081141
MGLUR5,6FFH,5CGD,ALA ,813,34.267999999999994,-0.9456864448610176,-0.9087161618969158,-0.879050691212713,71.0794,1.0631939641555057,1,7,0.190754378425
MGLUR5,6FFH,6FFI,GLY ,624,34.815,-0.9140460305853035,-0.8426092634362969,-0.8844735227270607,57.052310000000006,0.0,1,6,0.0941236329933
MGLUR5,6FFH,6FFI,ILE ,625,35.32625,-0.8844735227270607,-0.9140460305853035,-0.5557053241172097,113.16067000000001,0.0,1,6,0.10072912159
MGLUR5,6FFH,6FFI,GLY ,628,36.455000000000005,-0.8191826312943146,-0.3854284145666925,-1.2220628606002504,57.052310000000006,0.0,1,6,0.187234261978
MGLUR5,6FFH,6FFI,ILE ,651,35.81375,-0.856274798852453,-0.823087069984645,-0.9066709797257904,113.16067000000001,17.126766455605985,1,6,0.218281949715
MGLUR5,6FFH,6FFI,SER ,654,34.843333333333334,-0.9124071303943005,-0.7845488140226815,-0.9482976673502116,87.0788,0.0,1,6,0.408247964334
MGLUR5,6FFH,6FFI,PRO ,655,34.222857142857144,-0.9482976673502116,-0.9124071303943005,-0.9114430714584165,97.11764000000001,0.0,1,6,0.162470815932
MGLUR5,6FFH,6FFI,SER ,658,32.296666666666674,-1.0597153357973799,-0.8819428680203649,-0.9203124136685498,87.0788,0.5745895447573225,1,6,0.196447193765
MGLUR5,6FFH,6FFI,TYR ,659,34.70666666666666,-0.9203124136685498,-1.0597153357973799,-0.9862540448830174,163.17758,1.2896455540583496,1,6,0.260178116811
MGLUR5,6FFH,6FFI,LEU ,744,36.49,-0.8171581075289583,-0.9782936725267174,-0.8670481574609571,113.16067000000001,14.468988352094021,1,6,0.0780448099178
MGLUR5,6FFH,6FFI,ASN ,747,35.405,-0.8799183442550087,-0.9642252981980672,-0.9831690562881881,114.10462,0.40685311277722863,1,6,0.0514317050508
MGLUR5,6FFH,6FFI,ILE ,784,34.247499999999995,-0.9468722373521549,-0.6139826867913993,-1.250158292446014,113.16067000000001,27.154245025228768,1,6,0.2236974416
MGLUR5,6FFH,6FFI,TRP ,785,29.004285714285714,-1.250158292446014,-0.9468722373521549,-0.8509242717582965,186.21514999999994,14.394359749718681,1,6,0.0890207624687
MGLUR5,6FFH,6FFI,PHE ,788,38.41181818181818,-0.7059933480493857,-0.633447036706898,-0.5657039925093782,147.17818,3.0426746080922946,1,6,0.0625812587385
MGLUR5,6FFH,6FFI,MET ,802,42.1675,-0.48875143102006396,-0.16807099826875366,-0.8179293546776656,131.19758,5.960619979666346,1,6,0.158290369506
MGLUR5,6FFH,6FFI,SER ,805,29.70333333333333,-1.2097229062209354,-0.6918479742083233,-1.3833636928441615,87.0788,17.677254022824332,1,6,0.20063590387
MGLUR5,6FFH,6FFI,VAL ,806,26.701428571428572,-1.3833636928441615,-1.2097229062209354,-1.3337008853756216,99.13358000000001,0.0,1,6,0.114664090061
MGLUR5,6FFH,6FFI,SER ,809,32.318333333333335,-1.0584620591807308,-1.1990700549794169,-0.9669728661653366,87.0788,0.0,1,6,0.513546234233
MGLUR5,6FFH,6FFI,ALA ,810,33.9,-0.9669728661653366,-1.0584620591807308,-0.8663251132590439,71.0794,0.0,1,6,0.138983579552
MGLUR5,6FFH,6FFI,ALA ,813,34.267999999999994,-0.9456864448610176,-0.9087161618969158,-0.879050691212713,71.0794,1.0631939641555057,1,6,0.147012110499
MGLUR5,6FFI,4OO9,GLY ,624,14.540000000000003,-1.1793715707866537,-0.8426166436366693,-1.223447109903323,57.052310000000006,0.0,1,12,0.0911926258806
MGLUR5,6FFI,4OO9,ILE ,625,14.045,-1.223447109903323,-1.1793715707866537,-0.7834337311796734,113.16067000000001,0.0,1,12,0.136488618407
MGLUR5,6FFI,4OO9,GLY ,628,17.220000000000002,-0.9407403691044856,-0.32179068974136216,-1.1781101496334832,57.052310000000006,0.0,1,12,0.138275239799
MGLUR5,6FFI,4OO9,ILE ,651,15.06125,-1.132958692474404,-1.4073177932890235,-0.9992851508604655,113.16067000000001,16.407531502420206,1,12,0.309044231833
MGLUR5,6FFI,4OO9,GLY ,652,16.5625,-0.9992851508604655,-1.132958692474404,-0.8029486584316669,57.052310000000006,0.8927863111541544,1,12,0.23378086032
MGLUR5,6FFI,4OO9,SER ,654,13.135,-1.3044748686834622,-0.8029486584316669,-1.0898212690892943,87.0788,0.09189600816496418,1,12,0.365861863039
MGLUR5,6FFI,4OO9,PRO ,655,15.545714285714286,-1.0898212690892943,-1.3044748686834622,-1.179549653772984,97.11764000000001,0.0,1,12,0.164004525348
MGLUR5,6FFI,4OO9,SER ,658,17.84,-0.8855346433421932,-0.7828030206030883,-0.6125482655472004,87.0788,0.8048718380326317,1,12,0.142174353397
MGLUR5,6FFI,4OO9,TYR ,659,20.905833333333334,-0.6125482655472004,-0.8855346433421932,-0.645122611796725,163.17758,1.596113836153071,1,12,0.449363960292
MGLUR5,6FFI,4OO9,VAL ,740,23.13714285714286,-0.41386913383394175,-0.3005320332482213,-0.42760696420796834,99.13358000000001,10.506353795726827,1,12,0.192733264811
MGLUR5,6FFI,4OO9,PRO ,743,19.81,-0.7101229018071668,-0.6625747444570629,-0.2626893986531016,97.11764000000001,5.889304296521444,1,12,0.780763676769
MGLUR5,6FFI,4OO9,LEU ,744,24.834999999999997,-0.2626893986531016,-0.7101229018071668,-1.0992342269381645,113.16067000000001,14.171827109931538,1,12,0.799085799113
MGLUR5,6FFI,4OO9,ASN ,747,16.466250000000002,-1.0078553945775954,-1.1861238840183324,-0.7461847065389867,114.10462,0.44182901992529566,1,12,0.268893926036
MGLUR5,6FFI,4OO9,ILE ,751,15.91375,-1.0570508195512516,-1.0508179150297026,-0.2810542066183805,113.16067000000001,2.452732494316888,1,12,0.163604853907
MGLUR5,6FFI,4OO9,THR ,781,21.752857142857145,-0.5371280008009037,-0.43040541113601105,-0.44774730194766793,101.10589,0.0,1,12,0.303939547927
MGLUR5,6FFI,4OO9,ILE ,784,25.4375,-0.20904189902119602,-0.5517403458399442,-0.6527547397822957,113.16067000000001,29.249179022238923,1,12,0.782805228208
MGLUR5,6FFI,4OO9,TRP ,785,20.454285714285714,-0.6527547397822957,-0.20904189902119602,-0.280052489820274,186.21514999999994,13.976470622141857,1,12,5.26195149852
MGLUR5,6FFI,4OO9,PHE ,788,21.13272727272727,-0.592345290393478,-0.7042461632582769,-0.5214821384304847,147.17818,2.82050838495983,1,12,0.300654402746
MGLUR5,6FFI,4OO9,MET ,802,18.486250000000002,-0.8279915783843195,-0.5704549596712277,-0.7494495612883695,131.19758,4.729647258819028,1,12,0.196987087512
MGLUR5,6FFI,4OO9,SER ,805,19.348333333333333,-0.7512303911516696,0.021636278385099246,-1.2957615225666028,87.0788,15.523787654958388,1,12,1.56865937335
MGLUR5,6FFI,4OO9,VAL ,806,13.232857142857142,-1.2957615225666028,-0.7512303911516696,-1.0280010324061744,99.13358000000001,0.0,1,12,0.270641827965
MGLUR5,6FFI,4OO9,SER ,809,16.798333333333336,-0.978286198722389,-0.6590353451037545,-0.8043288015757238,87.0788,0.0,1,12,1.57956154055
MGLUR5,6FFI,4OO9,ALA ,810,18.752000000000002,-0.8043288015757238,-0.978286198722389,-0.6615316869657014,71.0794,0.0,1,12,0.339935497243
MGLUR5,6FFI,4OO9,ALA ,813,20.821999999999996,-0.6200129107241991,-0.6292223451601202,-0.24232115709161012,71.0794,2.0132649718949134,1,12,0.317320352576
MGLUR5,6FFI,5CGC,GLY ,624,14.540000000000003,-1.1793715707866537,-0.8426166436366693,-1.223447109903323,57.052310000000006,0.0,1,7,0.243354837362
MGLUR5,6FFI,5CGC,ILE ,625,14.045,-1.223447109903323,-1.1793715707866537,-0.7834337311796734,113.16067000000001,0.0,1,7,0.182455868065
MGLUR5,6FFI,5CGC,GLY ,628,17.220000000000002,-0.9407403691044856,-0.32179068974136216,-1.1781101496334832,57.052310000000006,0.0,1,7,0.144397128165
MGLUR5,6FFI,5CGC,CYS ,631,18.889999999999997,-0.792041075518956,-0.9897131903452294,-0.9202608256765387,103.14340000000001,0.002864237578815152,1,7,0.162232592205
MGLUR5,6FFI,5CGC,GLY ,650,11.98,-1.4073177932890235,-0.6451226117967254,-1.132958692474404,57.052310000000006,1.2261610890656043,1,7,0.265642133534
MGLUR5,6FFI,5CGC,ILE ,651,15.06125,-1.132958692474404,-1.4073177932890235,-0.9992851508604655,113.16067000000001,16.407531502420206,1,7,0.228921196363
MGLUR5,6FFI,5CGC,SER ,654,13.135,-1.3044748686834622,-0.8029486584316669,-1.0898212690892943,87.0788,0.09189600816496418,1,7,1.34779227564
MGLUR5,6FFI,5CGC,PRO ,655,15.545714285714286,-1.0898212690892943,-1.3044748686834622,-1.179549653772984,97.11764000000001,0.0,1,7,0.252477017927
MGLUR5,6FFI,5CGC,SER ,658,17.84,-0.8855346433421932,-0.7828030206030883,-0.6125482655472004,87.0788,0.8048718380326317,1,7,0.189069710412
MGLUR5,6FFI,5CGC,TYR ,659,20.905833333333334,-0.6125482655472004,-0.8855346433421932,-0.645122611796725,163.17758,1.596113836153071,1,7,0.486675948525
MGLUR5,6FFI,5CGC,VAL ,740,23.13714285714286,-0.41386913383394175,-0.3005320332482213,-0.42760696420796834,99.13358000000001,10.506353795726827,1,7,0.288414784337
MGLUR5,6FFI,5CGC,LEU ,744,24.834999999999997,-0.2626893986531016,-0.7101229018071668,-1.0992342269381645,113.16067000000001,14.171827109931538,1,7,0.749333379198
MGLUR5,6FFI,5CGC,ILE ,784,25.4375,-0.20904189902119602,-0.5517403458399442,-0.6527547397822957,113.16067000000001,29.249179022238923,1,7,0.441313739051
MGLUR5,6FFI,5CGC,TRP ,785,20.454285714285714,-0.6527547397822957,-0.20904189902119602,-0.280052489820274,186.21514999999994,13.976470622141857,1,7,0.196996183416
MGLUR5,6FFI,5CGC,PHE ,788,21.13272727272727,-0.592345290393478,-0.7042461632582769,-0.5214821384304847,147.17818,2.82050838495983,1,7,0.191074456737
MGLUR5,6FFI,5CGC,MET ,802,18.486250000000002,-0.8279915783843195,-0.5704549596712277,-0.7494495612883695,131.19758,4.729647258819028,1,7,0.397557657364
MGLUR5,6FFI,5CGC,SER ,805,19.348333333333333,-0.7512303911516696,0.021636278385099246,-1.2957615225666028,87.0788,15.523787654958388,1,7,0.5542259767
MGLUR5,6FFI,5CGC,VAL ,806,13.232857142857142,-1.2957615225666028,-0.7512303911516696,-1.0280010324061744,99.13358000000001,0.0,1,7,0.890900707587
MGLUR5,6FFI,5CGC,SER ,809,16.798333333333336,-0.978286198722389,-0.6590353451037545,-0.8043288015757238,87.0788,0.0,1,7,0.156041304675
MGLUR5,6FFI,5CGC,ALA ,810,18.752000000000002,-0.8043288015757238,-0.978286198722389,-0.6615316869657014,71.0794,0.0,1,7,0.17053121857
MGLUR5,6FFI,5CGC,ALA ,813,20.821999999999996,-0.6200129107241991,-0.6292223451601202,-0.24232115709161012,71.0794,2.0132649718949134,1,7,0.221767504768
MGLUR5,6FFI,5CGD,ILE ,621,16.723750000000003,-0.984927210087611,-0.8160822786735024,-0.8834199078795244,113.16067000000001,0.6727709155076611,1,7,0.135262995804
MGLUR5,6FFI,5CGD,GLY ,624,14.540000000000003,-1.1793715707866537,-0.8426166436366693,-1.223447109903323,57.052310000000006,0.0,1,7,0.222704574741
MGLUR5,6FFI,5CGD,ILE ,625,14.045,-1.223447109903323,-1.1793715707866537,-0.7834337311796734,113.16067000000001,0.0,1,7,0.208196327048
MGLUR5,6FFI,5CGD,GLY ,628,17.220000000000002,-0.9407403691044856,-0.32179068974136216,-1.1781101496334832,57.052310000000006,0.0,1,7,0.22792127038
MGLUR5,6FFI,5CGD,CYS ,631,18.889999999999997,-0.792041075518956,-0.9897131903452294,-0.9202608256765387,103.14340000000001,0.002864237578815152,1,7,0.170351789779
MGLUR5,6FFI,5CGD,GLY ,650,11.98,-1.4073177932890235,-0.6451226117967254,-1.132958692474404,57.052310000000006,1.2261610890656043,1,7,0.0998094647394
MGLUR5,6FFI,5CGD,ILE ,651,15.06125,-1.132958692474404,-1.4073177932890235,-0.9992851508604655,113.16067000000001,16.407531502420206,1,7,0.176723023279
MGLUR5,6FFI,5CGD,SER ,654,13.135,-1.3044748686834622,-0.8029486584316669,-1.0898212690892943,87.0788,0.09189600816496418,1,7,1.32547327722
MGLUR5,6FFI,5CGD,PRO ,655,15.545714285714286,-1.0898212690892943,-1.3044748686834622,-1.179549653772984,97.11764000000001,0.0,1,7,0.2401841357
MGLUR5,6FFI,5CGD,SER ,658,17.84,-0.8855346433421932,-0.7828030206030883,-0.6125482655472004,87.0788,0.8048718380326317,1,7,0.234765499816
MGLUR5,6FFI,5CGD,TYR ,659,20.905833333333334,-0.6125482655472004,-0.8855346433421932,-0.645122611796725,163.17758,1.596113836153071,1,7,0.277308132608
MGLUR5,6FFI,5CGD,VAL ,740,23.13714285714286,-0.41386913383394175,-0.3005320332482213,-0.42760696420796834,99.13358000000001,10.506353795726827,1,7,0.172980084101
MGLUR5,6FFI,5CGD,LEU ,744,24.834999999999997,-0.2626893986531016,-0.7101229018071668,-1.0992342269381645,113.16067000000001,14.171827109931538,1,7,0.759863501919
MGLUR5,6FFI,5CGD,ILE ,784,25.4375,-0.20904189902119602,-0.5517403458399442,-0.6527547397822957,113.16067000000001,29.249179022238923,1,7,0.410877770292
MGLUR5,6FFI,5CGD,TRP ,785,20.454285714285714,-0.6527547397822957,-0.20904189902119602,-0.280052489820274,186.21514999999994,13.976470622141857,1,7,0.243451987495
MGLUR5,6FFI,5CGD,PHE ,788,21.13272727272727,-0.592345290393478,-0.7042461632582769,-0.5214821384304847,147.17818,2.82050838495983,1,7,0.137919654989
MGLUR5,6FFI,5CGD,MET ,802,18.486250000000002,-0.8279915783843195,-0.5704549596712277,-0.7494495612883695,131.19758,4.729647258819028,1,7,0.294811563551
MGLUR5,6FFI,5CGD,SER ,805,19.348333333333333,-0.7512303911516696,0.021636278385099246,-1.2957615225666028,87.0788,15.523787654958388,1,7,0.35826163176
MGLUR5,6FFI,5CGD,VAL ,806,13.232857142857142,-1.2957615225666028,-0.7512303911516696,-1.0280010324061744,99.13358000000001,0.0,1,7,0.778554221903
MGLUR5,6FFI,5CGD,SER ,809,16.798333333333336,-0.978286198722389,-0.6590353451037545,-0.8043288015757238,87.0788,0.0,1,7,0.182338952065
MGLUR5,6FFI,5CGD,ALA ,810,18.752000000000002,-0.8043288015757238,-0.978286198722389,-0.6615316869657014,71.0794,0.0,1,7,0.204546404457
MGLUR5,6FFI,5CGD,ALA ,813,20.821999999999996,-0.6200129107241991,-0.6292223451601202,-0.24232115709161012,71.0794,2.0132649718949134,1,7,0.174557215831
MGLUR5,6FFI,6FFH,GLY ,624,14.540000000000003,-1.1793715707866537,-0.8426166436366693,-1.223447109903323,57.052310000000006,0.0,1,6,0.0941236329933
MGLUR5,6FFI,6FFH,ILE ,625,14.045,-1.223447109903323,-1.1793715707866537,-0.7834337311796734,113.16067000000001,0.0,1,6,0.10072912159
MGLUR5,6FFI,6FFH,GLY ,628,17.220000000000002,-0.9407403691044856,-0.32179068974136216,-1.1781101496334832,57.052310000000006,0.0,1,6,0.187234261978
MGLUR5,6FFI,6FFH,ILE ,651,15.06125,-1.132958692474404,-1.4073177932890235,-0.9992851508604655,113.16067000000001,16.407531502420206,1,6,0.218281949715
MGLUR5,6FFI,6FFH,SER ,654,13.135,-1.3044748686834622,-0.8029486584316669,-1.0898212690892943,87.0788,0.09189600816496418,1,6,0.408247964334
MGLUR5,6FFI,6FFH,PRO ,655,15.545714285714286,-1.0898212690892943,-1.3044748686834622,-1.179549653772984,97.11764000000001,0.0,1,6,0.162470815932
MGLUR5,6FFI,6FFH,SER ,658,17.84,-0.8855346433421932,-0.7828030206030883,-0.6125482655472004,87.0788,0.8048718380326317,1,6,0.196447193765
MGLUR5,6FFI,6FFH,TYR ,659,20.905833333333334,-0.6125482655472004,-0.8855346433421932,-0.645122611796725,163.17758,1.596113836153071,1,6,0.260178116811
MGLUR5,6FFI,6FFH,LEU ,744,24.834999999999997,-0.2626893986531016,-0.7101229018071668,-1.0992342269381645,113.16067000000001,14.171827109931538,1,6,0.0780448099178
MGLUR5,6FFI,6FFH,ASN ,747,16.466250000000002,-1.0078553945775954,-1.1861238840183324,-0.7461847065389867,114.10462,0.44182901992529566,1,6,0.0514317050508
MGLUR5,6FFI,6FFH,ILE ,784,25.4375,-0.20904189902119602,-0.5517403458399442,-0.6527547397822957,113.16067000000001,29.249179022238923,1,6,0.2236974416
MGLUR5,6FFI,6FFH,TRP ,785,20.454285714285714,-0.6527547397822957,-0.20904189902119602,-0.280052489820274,186.21514999999994,13.976470622141857,1,6,0.0890207624687
MGLUR5,6FFI,6FFH,PHE ,788,21.13272727272727,-0.592345290393478,-0.7042461632582769,-0.5214821384304847,147.17818,2.82050838495983,1,6,0.0625812587385
MGLUR5,6FFI,6FFH,MET ,802,18.486250000000002,-0.8279915783843195,-0.5704549596712277,-0.7494495612883695,131.19758,4.729647258819028,1,6,0.158290369506
MGLUR5,6FFI,6FFH,SER ,805,19.348333333333333,-0.7512303911516696,0.021636278385099246,-1.2957615225666028,87.0788,15.523787654958388,1,6,0.20063590387
MGLUR5,6FFI,6FFH,VAL ,806,13.232857142857142,-1.2957615225666028,-0.7512303911516696,-1.0280010324061744,99.13358000000001,0.0,1,6,0.114664090061
MGLUR5,6FFI,6FFH,SER ,809,16.798333333333336,-0.978286198722389,-0.6590353451037545,-0.8043288015757238,87.0788,0.0,1,6,0.513546234233
MGLUR5,6FFI,6FFH,ALA ,810,18.752000000000002,-0.8043288015757238,-0.978286198722389,-0.6615316869657014,71.0794,0.0,1,6,0.138983579552
MGLUR5,6FFI,6FFH,ALA ,813,20.821999999999996,-0.6200129107241991,-0.6292223451601202,-0.24232115709161012,71.0794,2.0132649718949134,1,6,0.147012110499
